course_college,persona_id,n_lectures,mastery_first,mastery_final,learning_gain,mastery_slope,confusion_slope,clarity_slope,cogload_slope
AY101 - University of Alabama,above_average,26,0.86,0.93,0.07,0.0024,0.0879,-0.0,0.001
AY101 - University of Alabama,average,26,0.73,0.87,0.14,0.0056,0.1962,0.0031,0.0099
AY101 - University of Alabama,below_average,26,0.64,0.74,0.1,0.0069,-0.0253,0.0075,0.0256
AY101 - University of Alabama,high_achiever,26,0.94,0.96,0.02,0.0011,0.0773,0.0085,-0.0082
AY101 - University of Alabama,low_performer,26,0.33,0.62,0.29,0.01,0.1043,-0.0,0.0386
CAP4053 - University of Florida,above_average,17,0.74,0.9,0.16,0.0046,0.1348,-0.0074,-0.0025
CAP4053 - University of Florida,average,17,0.69,0.82,0.13,0.0082,-0.0711,-0.0196,0.0196
CAP4053 - University of Florida,below_average,17,0.42,0.7,0.28,0.0166,-0.2549,0.0098,0.0196
CAP4053 - University of Florida,high_achiever,17,0.8,0.94,0.14,0.0049,0.0588,0.0172,0.0221
CAP4053 - University of Florida,low_performer,17,0.33,0.58,0.25,0.0159,-0.2181,0.0147,0.0245
CAP5510 - University of Florida,above_average,8,0.78,0.84,0.06,0.0079,0.0833,-0.131,0.0357
CAP5510 - University of Florida,average,8,0.56,0.79,0.23,0.0268,0.369,-0.0476,0.0714
CAP5510 - University of Florida,below_average,8,0.34,0.49,0.15,0.0262,0.381,0.0238,0.0833
CAP5510 - University of Florida,high_achiever,8,0.76,0.89,0.13,0.0129,0.5714,-0.0119,0.0238
CAP5510 - University of Florida,low_performer,8,0.23,0.42,0.19,0.0269,0.3929,-0.0714,0.0833
CEG402 - Wright State University,above_average,5,0.84,0.92,0.08,0.019,0.8,-0.0,0.3
CEG402 - Wright State University,average,5,0.56,0.89,0.33,0.078,0.0,0.2,0.4
CEG402 - Wright State University,below_average,5,0.42,0.63,0.21,0.053,-1.3,-0.0,-0.0
CEG402 - Wright State University,high_achiever,5,0.85,0.93,0.08,0.018,-2.2,-0.0,-0.0
CEG402 - Wright State University,low_performer,5,0.32,0.53,0.21,0.049,-0.3,0.2,0.2
CH1020 - Worcester Polytechnic Institute,above_average,5,0.83,0.94,0.11,0.027,-0.4,-0.0,0.3
CH1020 - Worcester Polytechnic Institute,average,5,0.58,0.81,0.23,0.06,0.8,0.2,0.2
CH1020 - Worcester Polytechnic Institute,below_average,5,0.38,0.65,0.27,0.077,0.3,0.1,0.3
CH1020 - Worcester Polytechnic Institute,high_achiever,5,0.87,0.96,0.09,0.026,1.0,-0.0,0.3
CH1020 - Worcester Polytechnic Institute,low_performer,5,0.28,0.55,0.27,0.063,-0.3,0.2,0.3
CHE220 - Penn State University,above_average,23,0.77,0.95,0.18,0.0052,-0.0208,0.0079,-0.002
CHE220 - Penn State University,average,23,0.36,0.84,0.48,0.0114,0.1334,0.0138,-0.0188
CHE220 - Penn State University,below_average,23,0.28,0.68,0.4,0.0159,-0.1877,0.0099,-0.003
CHE220 - Penn State University,high_achiever,23,0.79,0.96,0.17,0.0048,-0.2006,0.0079,-0.0099
CHE220 - Penn State University,low_performer,23,0.21,0.5,0.29,0.0122,-0.0543,0.0128,-0.0188
CIS2166 - Temple University,above_average,9,0.73,0.91,0.18,0.017,-0.0167,-0.0,0.0667
CIS2166 - Temple University,average,9,0.5,0.84,0.34,0.0325,0.5667,0.0667,0.0833
CIS2166 - Temple University,below_average,9,0.38,0.62,0.24,0.028,0.1833,-0.0,-0.05
CIS2166 - Temple University,high_achiever,9,0.78,0.95,0.17,0.012,0.9667,0.0667,0.0667
CIS2166 - Temple University,low_performer,9,0.24,0.52,0.28,0.0393,-0.35,0.1,0.0667
CISC3130 - Brooklyn College,above_average,29,0.78,0.95,0.17,0.0041,0.0227,-0.0241,0.0059
CISC3130 - Brooklyn College,average,29,0.58,0.77,0.19,0.0046,-0.17,-0.0148,0.0099
CISC3130 - Brooklyn College,below_average,29,0.31,0.61,0.3,0.0098,-0.1532,-0.0054,0.0089
CISC3130 - Brooklyn College,high_achiever,29,0.9,0.95,0.05,0.0016,-0.1084,-0.0128,-0.0054
CISC3130 - Brooklyn College,low_performer,29,0.22,0.45,0.23,0.0078,-0.0163,-0.0222,-0.0138
CISC3171 - Brooklyn College,above_average,25,0.74,0.92,0.18,0.0065,0.2177,0.0308,-0.0323
CISC3171 - Brooklyn College,average,25,0.38,0.84,0.46,0.0149,-0.0269,0.0315,-0.0115
CISC3171 - Brooklyn College,below_average,25,0.24,0.68,0.44,0.0142,0.0315,0.0292,-0.0285
CISC3171 - Brooklyn College,high_achiever,25,0.82,0.94,0.12,0.0033,0.0285,0.02,-0.0254
CISC3171 - Brooklyn College,low_performer,25,0.29,0.63,0.34,0.0127,-0.1046,0.0254,-0.0108
"CMPSC16 - University of California, Santa Barbara",above_average,16,0.75,0.92,0.17,0.0077,-0.2691,-0.0088,-0.0
"CMPSC16 - University of California, Santa Barbara",average,16,0.42,0.78,0.36,0.0142,0.1088,-0.0015,-0.0118
"CMPSC16 - University of California, Santa Barbara",below_average,16,0.28,0.68,0.4,0.0242,0.1956,0.0191,0.0162
"CMPSC16 - University of California, Santa Barbara",high_achiever,16,0.84,0.94,0.1,0.0047,0.1544,-0.0162,-0.0382
"CMPSC16 - University of California, Santa Barbara",low_performer,16,0.24,0.63,0.39,0.0252,0.1588,0.0353,0.0471
CMPSC311 - Penn State University,above_average,5,0.71,0.88,0.17,0.043,-0.2,-0.0,-0.0
CMPSC311 - Penn State University,average,5,0.45,0.8,0.35,0.082,0.2,-0.0,0.2
CMPSC311 - Penn State University,below_average,5,0.32,0.74,0.42,0.111,-1.0,0.1,0.3
CMPSC311 - Penn State University,high_achiever,5,0.83,0.92,0.09,0.022,-0.9,0.2,0.1
CMPSC311 - Penn State University,low_performer,5,0.21,0.46,0.25,0.066,0.5,0.1,0.1
COMP251 - McGill University,above_average,25,0.78,0.95,0.17,0.0062,-0.19,0.0092,0.0062
COMP251 - McGill University,average,25,0.38,0.86,0.48,0.0117,-0.1977,0.0192,0.0277
COMP251 - McGill University,below_average,25,0.26,0.67,0.41,0.0143,-0.1254,-0.0,-0.0
COMP251 - McGill University,high_achiever,25,0.9,0.95,0.05,0.0024,-0.0815,0.0092,-0.0
COMP251 - McGill University,low_performer,25,0.2,0.56,0.36,0.0114,-0.0069,-0.02,-0.0054
COMP3500 - Auburn University,above_average,7,0.76,0.89,0.13,0.0211,0.7143,0.1071,-0.0
COMP3500 - Auburn University,average,7,0.67,0.86,0.19,0.0271,-0.7143,-0.0,-0.0
COMP3500 - Auburn University,below_average,7,0.39,0.58,0.19,0.0343,0.4286,-0.0357,0.0
COMP3500 - Auburn University,high_achiever,7,0.84,0.93,0.09,0.0157,0.4286,0.1786,-0.0
COMP3500 - Auburn University,low_performer,7,0.27,0.5,0.23,0.0311,-0.0357,0.0714,-0.0357
COMP411 - University of North Carolina at Chapel Hill,above_average,16,0.76,0.9,0.14,0.0067,-0.0868,-0.0015,0.0206
COMP411 - University of North Carolina at Chapel Hill,average,16,0.69,0.82,0.13,0.0073,0.1574,-0.0235,0.0397
COMP411 - University of North Carolina at Chapel Hill,below_average,16,0.32,0.62,0.3,0.0172,-0.2044,-0.0324,0.0765
COMP411 - University of North Carolina at Chapel Hill,high_achiever,16,0.79,0.95,0.16,0.0043,-0.5191,-0.0235,0.0221
COMP411 - University of North Carolina at Chapel Hill,low_performer,16,0.24,0.47,0.23,0.0129,0.1206,-0.0059,0.0441
COMP557 - McGill University,above_average,24,0.86,0.93,0.07,0.0026,0.0826,-0.013,0.0009
COMP557 - McGill University,average,24,0.74,0.84,0.1,0.0041,0.243,-0.0048,-0.0004
COMP557 - McGill University,below_average,24,0.34,0.72,0.38,0.0132,-0.0587,0.0057,0.0309
COMP557 - McGill University,high_achiever,24,0.94,0.94,0.0,0.0018,0.0291,-0.0143,-0.0117
COMP557 - McGill University,low_performer,24,0.28,0.6,0.32,0.0108,0.0026,-0.0039,0.0165
COSC1306 - University of Houston,above_average,17,0.9,0.94,0.04,0.0031,-0.0662,0.0441,0.0098
COSC1306 - University of Houston,average,17,0.72,0.87,0.15,0.0198,0.1152,0.049,0.0074
COSC1306 - University of Houston,below_average,17,0.31,0.72,0.41,0.0244,0.1887,0.0466,-0.0221
COSC1306 - University of Houston,high_achiever,17,0.95,0.97,0.02,0.0016,0.5245,0.0564,-0.0221
COSC1306 - University of Houston,low_performer,17,0.24,0.66,0.42,0.0266,0.0319,0.0441,0.0098
COSC175 - Towson University,above_average,7,0.8,0.9,0.1,0.0171,0.1429,-0.1071,-0.0
COSC175 - Towson University,average,7,0.57,0.84,0.27,0.0418,-0.3214,0.0,0.0357
COSC175 - Towson University,below_average,7,0.38,0.69,0.31,0.0489,-0.25,-0.0357,0.0
COSC175 - Towson University,high_achiever,7,0.9,0.94,0.04,0.0068,-1.25,0.0,-0.0714
COSC175 - Towson University,low_performer,7,0.39,0.58,0.19,0.0307,-0.2143,-0.1071,-0.1071
CS122 - Carnegie Mellon University,above_average,29,0.72,0.93,0.21,0.0046,0.1502,-0.0059,0.0138
CS122 - Carnegie Mellon University,average,29,0.56,0.82,0.26,0.0084,0.0409,0.002,-0.001
CS122 - Carnegie Mellon University,below_average,29,0.38,0.63,0.25,0.009,0.0044,0.0044,0.0143
CS122 - Carnegie Mellon University,high_achiever,29,0.85,0.97,0.12,0.0027,-0.1606,-0.0,0.003
CS122 - Carnegie Mellon University,low_performer,29,0.28,0.57,0.29,0.008,-0.0586,0.0079,0.0064
CS1331 - Georgia Institute of Technology,above_average,24,0.08,0.91,0.83,0.0135,0.0183,0.0157,-0.0143
CS1331 - Georgia Institute of Technology,average,24,0.12,0.81,0.69,0.0149,0.0374,0.0139,0.0017
CS1331 - Georgia Institute of Technology,below_average,24,0.03,0.72,0.69,0.0216,0.0052,0.0517,0.0217
CS1331 - Georgia Institute of Technology,high_achiever,24,0.98,0.95,-0.03,0.0009,0.0835,0.0157,-0.0074
CS1331 - Georgia Institute of Technology,low_performer,24,0.06,0.61,0.55,0.0194,0.0165,0.0135,0.0222
CS1502 - University of Pittsburgh,above_average,15,0.74,0.93,0.19,0.0086,-0.25,-0.0679,-0.0
CS1502 - University of Pittsburgh,average,15,0.62,0.84,0.22,0.0126,-0.0893,-0.0714,-0.0286
CS1502 - University of Pittsburgh,below_average,15,0.33,0.56,0.23,0.0183,0.5,-0.0429,-0.0464
CS1502 - University of Pittsburgh,high_achiever,15,0.82,0.91,0.09,0.0036,0.0286,-0.05,-0.0321
CS1502 - University of Pittsburgh,low_performer,15,0.28,0.39,0.11,0.0097,0.2071,0.0036,0.0036
CS15112 - Carnegie Mellon University,above_average,11,0.88,0.91,0.03,0.0042,0.6273,-0.0364,0.0364
CS15112 - Carnegie Mellon University,average,11,0.56,0.84,0.28,0.0169,0.1636,-0.0727,-0.0455
CS15112 - Carnegie Mellon University,below_average,11,0.43,0.69,0.26,0.0269,-0.3636,-0.0,-0.0182
CS15112 - Carnegie Mellon University,high_achiever,11,0.94,0.94,0.0,-0.0022,0.6,-0.0364,0.0182
CS15112 - Carnegie Mellon University,low_performer,11,0.35,0.63,0.28,0.0208,-0.5,-0.0273,0.0091
CS15122 - Carnegie Mellon University,above_average,29,0.72,0.92,0.2,0.0033,-0.1069,-0.0,-0.0074
CS15122 - Carnegie Mellon University,average,29,0.58,0.82,0.24,0.0075,0.1113,0.0015,0.0128
CS15122 - Carnegie Mellon University,below_average,29,0.41,0.73,0.32,0.01,0.1015,0.0133,0.0094
CS15122 - Carnegie Mellon University,high_achiever,29,0.84,0.96,0.12,0.0018,0.0163,-0.0,0.0202
CS15122 - Carnegie Mellon University,low_performer,29,0.22,0.53,0.31,0.0095,0.0837,0.0084,0.0197
CS201 - Duke University,above_average,4,0.78,0.9,0.12,0.039,-0.1,0.0,0.0
CS201 - Duke University,average,4,0.59,0.83,0.24,0.08,-0.9,0.4,0.0
CS201 - Duke University,below_average,4,0.39,0.49,0.1,0.036,-2.3,0.0,-0.3
CS201 - Duke University,high_achiever,4,0.85,0.93,0.08,0.028,-2.8,0.3,0.0
CS201 - Duke University,low_performer,4,0.31,0.56,0.25,0.078,-1.2,0.0,0.0
CS2110 - Cornell University,above_average,28,0.84,0.95,0.11,0.003,0.0684,-0.0074,-0.0074
CS2110 - Cornell University,average,28,0.72,0.92,0.2,0.006,0.0079,-0.0074,-0.0074
CS2110 - Cornell University,below_average,28,0.39,0.75,0.36,0.012,0.0112,-0.0137,-0.0249
CS2110 - Cornell University,high_achiever,28,0.84,0.94,0.1,0.0018,0.0334,-0.0074,-0.0052
CS2110 - Cornell University,low_performer,28,0.27,0.66,0.39,0.0099,0.0922,-0.0175,0.006
CS4320 - Cornell University,above_average,5,0.72,0.88,0.16,0.046,0.1,0.2,-0.0
CS4320 - Cornell University,average,5,0.45,0.81,0.36,0.091,0.0,0.2,-0.1
CS4320 - Cornell University,below_average,5,0.38,0.68,0.3,0.072,0.7,-0.1,-0.1
CS4320 - Cornell University,high_achiever,5,0.77,0.93,0.16,0.034,-1.3,0.2,-0.1
CS4320 - Cornell University,low_performer,5,0.27,0.57,0.3,0.079,-2.0,0.2,0.3
CS442 - Penn State University,above_average,16,0.79,0.89,0.1,0.0048,-0.1544,-0.0162,-0.0309
CS442 - Penn State University,average,16,0.69,0.84,0.15,0.0072,0.1044,-0.0691,-0.0662
CS442 - Penn State University,below_average,16,0.39,0.71,0.32,0.0171,0.0338,-0.0235,-0.0574
CS442 - Penn State University,high_achiever,16,0.86,0.94,0.08,0.0027,-0.0015,-0.0162,-0.0147
CS442 - Penn State University,low_performer,16,0.28,0.56,0.28,0.0162,0.0353,-0.0603,-0.0132
CS4450 - Cornell University,above_average,27,0.74,0.95,0.21,0.0045,0.0165,-0.0104,-0.0073
CS4450 - Cornell University,average,27,0.36,0.82,0.46,0.0098,0.0037,-0.0244,-0.011
CS4450 - Cornell University,below_average,27,0.31,0.66,0.35,0.01,0.0391,-0.0134,-0.0153
CS4450 - Cornell University,high_achiever,27,0.88,0.94,0.06,0.0019,0.1929,-0.0116,-0.036
CS4450 - Cornell University,low_performer,27,0.22,0.55,0.33,0.0103,-0.0067,-0.0171,-0.0153
CS4476 - Georgia Institute of Technology,above_average,19,0.78,0.92,0.14,0.0052,0.0614,-0.0193,-0.014
CS4476 - Georgia Institute of Technology,average,19,0.38,0.81,0.43,0.0123,0.2105,-0.0,0.0088
CS4476 - Georgia Institute of Technology,below_average,19,0.29,0.67,0.38,0.0155,0.1088,0.0158,-0.0298
CS4476 - Georgia Institute of Technology,high_achiever,19,0.77,0.93,0.16,0.0039,0.1263,0.0053,-0.0123
CS4476 - Georgia Institute of Technology,low_performer,19,0.28,0.53,0.25,0.0132,-0.0491,-0.014,-0.0
CS449 - University of Pittsburgh,above_average,15,0.85,0.95,0.1,0.0064,0.4357,0.025,0.0214
CS449 - University of Pittsburgh,average,15,0.74,0.86,0.12,0.011,0.1393,0.025,0.0607
CS449 - University of Pittsburgh,below_average,15,0.23,0.73,0.5,0.0306,-0.1143,0.0643,0.05
CS449 - University of Pittsburgh,high_achiever,15,0.85,0.96,0.11,0.0058,0.0321,0.025,0.0286
CS449 - University of Pittsburgh,low_performer,15,0.27,0.61,0.34,0.0214,-0.0857,0.0036,-0.0286
CS537 - University of Wisconsin-Madison,above_average,27,0.86,0.95,0.09,0.0041,-0.268,0.0079,0.011
CS537 - University of Wisconsin-Madison,average,27,0.22,0.87,0.65,0.0147,0.196,0.0079,-0.0067
CS537 - University of Wisconsin-Madison,below_average,27,0.18,0.68,0.5,0.0144,-0.036,0.0195,0.0098
CS537 - University of Wisconsin-Madison,high_achiever,27,0.93,0.95,0.02,0.0003,-0.0372,0.0049,-0.0037
CS537 - University of Wisconsin-Madison,low_performer,27,0.16,0.55,0.39,0.011,-0.1007,0.0018,-0.0043
CS5800 - Northeastern University,above_average,13,0.84,0.93,0.09,0.0063,0.0604,-0.0165,0.011
CS5800 - Northeastern University,average,13,0.61,0.88,0.27,0.016,0.4176,0.011,0.0495
CS5800 - Northeastern University,below_average,13,0.37,0.71,0.34,0.0246,0.1484,-0.0275,0.0495
CS5800 - Northeastern University,high_achiever,13,0.91,0.95,0.04,0.0026,0.2198,0.011,0.0
CS5800 - Northeastern University,low_performer,13,0.26,0.46,0.2,0.0145,0.2692,-0.011,0.0385
CS6360 - University of Texas at Dallas,above_average,17,0.69,0.94,0.25,0.0095,0.0392,-0.0074,-0.0368
CS6360 - University of Texas at Dallas,average,17,0.34,0.79,0.45,0.0215,0.0858,-0.0147,-0.0319
CS6360 - University of Texas at Dallas,below_average,17,0.32,0.78,0.46,0.0237,0.277,-0.0245,0.0294
CS6360 - University of Texas at Dallas,high_achiever,17,0.89,0.94,0.05,0.003,0.2377,0.0074,-0.0098
CS6360 - University of Texas at Dallas,low_performer,17,0.23,0.54,0.31,0.0194,0.0466,-0.0074,-0.0
CS6375 - University of Texas at Dallas,above_average,19,0.79,0.9,0.11,0.0043,-0.0719,-0.0175,-0.014
CS6375 - University of Texas at Dallas,average,19,0.73,0.84,0.11,0.0067,0.0649,-0.0193,-0.0228
CS6375 - University of Texas at Dallas,below_average,19,0.38,0.67,0.29,0.0136,-0.0158,0.0053,-0.0351
CS6375 - University of Texas at Dallas,high_achiever,19,0.94,0.95,0.01,0.0022,0.1246,0.0018,-0.0123
CS6375 - University of Texas at Dallas,low_performer,19,0.28,0.45,0.17,0.0107,0.1123,-0.0105,-0.014
"CS64 - University of California, Santa Barbara",above_average,16,0.84,0.94,0.1,0.0053,-0.3397,-0.0,-0.0
"CS64 - University of California, Santa Barbara",average,16,0.67,0.89,0.22,0.0129,0.1824,-0.0,-0.0
"CS64 - University of California, Santa Barbara",below_average,16,0.36,0.69,0.33,0.0148,0.0441,-0.0206,-0.0059
"CS64 - University of California, Santa Barbara",high_achiever,16,0.88,0.96,0.08,0.0034,-0.0206,0.0221,-0.0162
"CS64 - University of California, Santa Barbara",low_performer,16,0.31,0.62,0.31,0.017,0.2794,-0.0132,0.0118
CS7643 - Georgia Institute of Technology,above_average,26,0.92,0.95,0.03,0.0018,0.1685,-0.0161,-0.0065
CS7643 - Georgia Institute of Technology,average,26,0.63,0.83,0.2,0.0066,0.0544,-0.0239,0.0044
CS7643 - Georgia Institute of Technology,below_average,26,0.33,0.63,0.3,0.0096,0.2475,-0.0,0.0038
CS7643 - Georgia Institute of Technology,high_achiever,26,0.94,0.95,0.01,0.0005,0.079,-0.0051,-0.0021
CS7643 - Georgia Institute of Technology,low_performer,26,0.24,0.55,0.31,0.0078,0.1422,-0.0239,-0.0017
CSC241 - DePaul University,above_average,6,0.78,0.93,0.15,0.0243,-0.2286,-0.0,-0.0
CSC241 - DePaul University,average,6,0.68,0.84,0.16,0.0269,1.3429,-0.0,-0.1143
CSC241 - DePaul University,below_average,6,0.47,0.73,0.26,0.0549,1.2571,-0.2286,-0.2286
CSC241 - DePaul University,high_achiever,6,0.88,0.94,0.06,0.0097,2.4857,0.0571,-0.2286
CSC241 - DePaul University,low_performer,6,0.34,0.6,0.26,0.054,0.2286,-0.0,-0.0
CSC4480 - Villanova University,above_average,14,0.73,0.92,0.19,0.0098,0.2659,-0.0066,-0.0
CSC4480 - Villanova University,average,14,0.67,0.88,0.21,0.0119,0.356,-0.0154,-0.011
CSC4480 - Villanova University,below_average,14,0.42,0.69,0.27,0.0193,-0.5538,-0.011,0.033
CSC4480 - Villanova University,high_achiever,14,0.86,0.95,0.09,0.0031,-0.2901,0.0374,0.0066
CSC4480 - Villanova University,low_performer,14,0.36,0.49,0.13,0.0143,0.1736,-0.0527,-0.0396
CSCI3022 - University of Colorado Boulder,above_average,26,0.78,0.93,0.15,0.003,0.1279,-0.0058,-0.0072
CSCI3022 - University of Colorado Boulder,average,26,0.3,0.84,0.54,0.0111,0.1156,-0.0123,-0.0109
CSCI3022 - University of Colorado Boulder,below_average,26,0.24,0.68,0.44,0.0125,-0.0154,-0.0034,-0.0181
CSCI3022 - University of Colorado Boulder,high_achiever,26,0.85,0.9,0.05,0.0003,0.121,0.0144,-0.0137
CSCI3022 - University of Colorado Boulder,low_performer,26,0.16,0.56,0.4,0.0117,0.0684,-0.0092,-0.0109
CSCI4430 - Rensselaer Polytechnic Institute,above_average,22,0.79,0.91,0.12,0.0031,-0.0553,-0.0011,-0.0011
CSCI4430 - Rensselaer Polytechnic Institute,average,22,0.67,0.87,0.2,0.0069,0.1293,-0.0023,0.0164
CSCI4430 - Rensselaer Polytechnic Institute,below_average,22,0.45,0.76,0.31,0.0119,0.0457,0.0017,0.0079
CSCI4430 - Rensselaer Polytechnic Institute,high_achiever,22,0.89,0.95,0.06,0.0014,-0.0418,-0.0011,0.0028
CSCI4430 - Rensselaer Polytechnic Institute,low_performer,22,0.31,0.71,0.4,0.0142,0.1316,0.0102,0.0056
CSCI567 - University of Southern California,above_average,12,0.86,0.9,0.04,0.0061,-0.2727,0.0385,0.014
CSCI567 - University of Southern California,average,12,0.72,0.81,0.09,0.0091,0.2203,-0.0,-0.0524
CSCI567 - University of Southern California,below_average,12,0.34,0.62,0.28,0.0243,0.1189,-0.049,-0.0979
CSCI567 - University of Southern California,high_achiever,12,0.95,0.9,-0.05,0.0011,0.5105,-0.0035,-0.007
CSCI567 - University of Southern California,low_performer,12,0.24,0.42,0.18,0.0143,0.0559,-0.049,-0.049
CSCIE109B - Harvard University,above_average,15,0.77,0.92,0.15,0.0089,0.4321,-0.0,0.0107
CSCIE109B - Harvard University,average,15,0.67,0.82,0.15,0.0116,0.0286,-0.0071,-0.0071
CSCIE109B - Harvard University,below_average,15,0.42,0.58,0.16,0.0159,0.1357,-0.0179,-0.0071
CSCIE109B - Harvard University,high_achiever,15,0.87,0.93,0.06,0.0044,0.2679,-0.0036,0.025
CSCIE109B - Harvard University,low_performer,15,0.28,0.43,0.15,0.016,0.0071,0.0214,0.025
"CSE11 - University of California, San Diego",above_average,18,0.78,0.94,0.16,0.0062,-0.0052,0.0,0.0124
"CSE11 - University of California, San Diego",average,18,0.35,0.87,0.52,0.0221,0.0392,-0.0031,0.0206
"CSE11 - University of California, San Diego",below_average,18,0.22,0.72,0.5,0.0262,0.1548,0.001,-0.0093
"CSE11 - University of California, San Diego",high_achiever,18,0.8,0.97,0.17,0.0053,-0.0072,-0.0031,0.0114
"CSE11 - University of California, San Diego",low_performer,18,0.22,0.62,0.4,0.0235,0.324,-0.0031,0.033
CSE114 - Stony Brook University,above_average,16,0.84,0.93,0.09,0.0062,0.0162,0.0632,0.0118
CSE114 - Stony Brook University,average,16,0.63,0.88,0.25,0.018,0.4,0.0338,-0.0118
CSE114 - Stony Brook University,below_average,16,0.22,0.78,0.56,0.032,0.2426,0.0103,-0.0015
CSE114 - Stony Brook University,high_achiever,16,0.91,0.96,0.05,0.0024,0.0088,0.0221,-0.0029
CSE114 - Stony Brook University,low_performer,16,0.21,0.61,0.4,0.0248,0.0206,0.0294,0.0353
CSE150 - Stony Brook University,above_average,14,0.82,0.94,0.12,0.0065,-0.1648,-0.0066,-0.0154
CSE150 - Stony Brook University,average,14,0.3,0.88,0.58,0.0275,0.6747,0.0154,-0.011
CSE150 - Stony Brook University,below_average,14,0.21,0.67,0.46,0.0318,0.3099,-0.0176,0.0044
CSE150 - Stony Brook University,high_achiever,14,0.95,0.94,-0.01,0.0004,0.0198,-0.0132,-0.0637
CSE150 - Stony Brook University,low_performer,14,0.12,0.61,0.49,0.0319,0.2945,-0.0066,0.0374
CSE215 - Stony Brook University,above_average,13,0.82,0.94,0.12,0.0084,-0.1813,0.0275,0.011
CSE215 - Stony Brook University,average,13,0.71,0.84,0.13,0.0115,0.489,-0.0055,-0.0055
CSE215 - Stony Brook University,below_average,13,0.36,0.62,0.26,0.0249,0.4451,-0.0055,-0.0275
CSE215 - Stony Brook University,high_achiever,13,0.95,0.97,0.02,0.0014,0.3516,0.033,-0.0385
CSE215 - Stony Brook University,low_performer,13,0.34,0.47,0.13,0.0174,-0.0165,-0.0495,-0.0714
"CSE252A - University of California, San Diego",above_average,18,0.78,0.91,0.13,0.0063,-0.0052,0.0124,0.0175
"CSE252A - University of California, San Diego",average,18,0.63,0.81,0.18,0.0089,0.031,0.0206,0.0733
"CSE252A - University of California, San Diego",below_average,18,0.32,0.62,0.3,0.0163,0.1558,0.0041,0.0165
"CSE252A - University of California, San Diego",high_achiever,18,0.84,0.96,0.12,0.0041,-0.193,0.0093,0.0093
"CSE252A - University of California, San Diego",low_performer,18,0.24,0.56,0.32,0.016,0.1837,-0.0052,-0.0114
CSE307 - Stony Brook University,above_average,15,0.74,0.92,0.18,0.0105,-0.1786,0.0679,0.0321
CSE307 - Stony Brook University,average,15,0.28,0.84,0.56,0.0263,0.1393,0.0321,-0.0071
CSE307 - Stony Brook University,below_average,15,0.21,0.68,0.47,0.026,-0.2464,0.0071,0.0
CSE307 - Stony Brook University,high_achiever,15,0.9,0.95,0.05,0.0027,-0.4929,0.0643,-0.025
CSE307 - Stony Brook University,low_performer,15,0.21,0.63,0.42,0.0253,-0.225,0.0464,-0.0107
CX4220 - Georgia Institute of Technology,above_average,22,0.78,0.93,0.15,0.0044,0.1542,0.0,0.035
CX4220 - Georgia Institute of Technology,average,22,0.38,0.88,0.5,0.0129,0.1694,0.0164,0.0429
CX4220 - Georgia Institute of Technology,below_average,22,0.37,0.68,0.31,0.0117,-0.0757,0.0,0.0079
CX4220 - Georgia Institute of Technology,high_achiever,22,0.88,0.95,0.07,0.002,0.389,0.0192,0.0294
CX4220 - Georgia Institute of Technology,low_performer,22,0.26,0.58,0.32,0.0106,-0.0141,0.0096,0.026
DSCI553 - University of Southern California,above_average,18,0.74,0.91,0.17,0.0045,-0.0258,0.0165,-0.001
DSCI553 - University of Southern California,average,18,0.63,0.84,0.21,0.008,-0.1414,0.0134,-0.0557
DSCI553 - University of Southern California,below_average,18,0.36,0.67,0.31,0.0154,-0.064,-0.0237,-0.031
DSCI553 - University of Southern California,high_achiever,18,0.84,0.96,0.12,0.0037,-0.0609,0.0268,-0.001
DSCI553 - University of Southern California,low_performer,18,0.27,0.58,0.31,0.012,-0.2724,0.001,-0.0206
EC365 - Boston University,above_average,28,0.75,0.95,0.2,0.0053,-0.0307,0.0107,-0.0189
EC365 - Boston University,average,28,0.42,0.84,0.42,0.0088,0.0342,-0.0063,-0.0293
EC365 - Boston University,below_average,28,0.32,0.62,0.3,0.0081,0.1461,-0.009,-0.0194
EC365 - Boston University,high_achiever,28,0.88,0.94,0.06,0.003,0.104,0.0057,-0.0271
EC365 - Boston University,low_performer,28,0.26,0.53,0.27,0.007,-0.0156,-0.0063,-0.0063
ECE560 - Duke University,above_average,19,0.84,0.95,0.11,0.0042,-0.2035,-0.0105,0.0175
ECE560 - Duke University,average,19,0.72,0.88,0.16,0.0083,0.1719,-0.0228,0.0333
ECE560 - Duke University,below_average,19,0.28,0.61,0.33,0.0186,0.0965,0.0158,0.0298
ECE560 - Duke University,high_achiever,19,0.93,0.95,0.02,0.0006,-0.0316,-0.0404,-0.007
ECE560 - Duke University,low_performer,19,0.23,0.69,0.46,0.0208,-0.2456,0.0158,0.0544
ECON2030 - Auburn University,above_average,25,0.82,0.93,0.11,0.0039,0.1069,-0.0262,-0.02
ECON2030 - Auburn University,average,25,0.63,0.82,0.19,0.0049,-0.0969,-0.0362,-0.0162
ECON2030 - Auburn University,below_average,25,0.39,0.58,0.19,0.006,0.03,-0.04,-0.0162
ECON2030 - Auburn University,high_achiever,25,0.79,0.91,0.12,0.0037,0.0008,-0.0385,-0.0031
ECON2030 - Auburn University,low_performer,25,0.28,0.47,0.19,0.0081,0.2,-0.0162,-0.0038
EE230 - Iowa State University,above_average,41,0.73,0.93,0.2,0.0028,0.0228,-0.0082,-0.0023
EE230 - Iowa State University,average,41,0.34,0.83,0.49,0.0036,-0.0199,-0.0085,-0.0023
EE230 - Iowa State University,below_average,41,0.24,0.65,0.41,0.0059,-0.0453,-0.0057,0.0023
EE230 - Iowa State University,high_achiever,41,0.85,0.96,0.11,0.0011,-0.0274,-0.0145,0.0
EE230 - Iowa State University,low_performer,41,0.18,0.48,0.3,0.0053,-0.0038,0.0075,-0.0033
EK307 - Boston University,above_average,16,0.88,0.95,0.07,0.0033,-0.1838,-0.0,-0.0162
EK307 - Boston University,average,16,0.72,0.87,0.15,0.0104,-0.0221,-0.0,-0.0118
EK307 - Boston University,below_average,16,0.42,0.61,0.19,0.0131,0.2544,-0.0324,-0.0574
EK307 - Boston University,high_achiever,16,0.93,0.95,0.02,0.0011,0.1162,-0.0,-0.0103
EK307 - Boston University,low_performer,16,0.34,0.56,0.22,0.0116,-0.0015,-0.0265,-0.0265
ENSC251 - Simon Fraser University,above_average,12,0.34,0.91,0.57,0.0284,-0.2517,0.0455,-0.049
ENSC251 - Simon Fraser University,average,12,0.36,0.82,0.46,0.0303,-0.2832,0.0385,0.0105
ENSC251 - Simon Fraser University,below_average,12,0.27,0.69,0.42,0.03,0.1329,0.0105,-0.0524
ENSC251 - Simon Fraser University,high_achiever,12,0.64,0.93,0.29,0.0167,0.0979,0.007,-0.049
ENSC251 - Simon Fraser University,low_performer,12,0.24,0.58,0.34,0.0269,0.2552,0.021,0.0105
INFO4940 - Cornell University,above_average,23,0.88,0.91,0.03,0.0031,-0.0247,-0.0198,0.0138
INFO4940 - Cornell University,average,23,0.78,0.83,0.05,0.004,-0.0879,-0.0346,0.0
INFO4940 - Cornell University,below_average,23,0.34,0.68,0.34,0.0102,-0.2796,-0.0059,-0.003
INFO4940 - Cornell University,high_achiever,23,0.9,0.93,0.03,0.0025,-0.2441,-0.0148,0.0049
INFO4940 - Cornell University,low_performer,23,0.28,0.59,0.31,0.0106,-0.165,-0.003,-0.0059
MACM101 - Simon Fraser University,above_average,28,0.84,0.9,0.06,0.003,0.1232,-0.0304,0.0071
MACM101 - Simon Fraser University,average,28,0.64,0.88,0.24,0.008,-0.1152,-0.0285,0.0151
MACM101 - Simon Fraser University,below_average,28,0.24,0.69,0.45,0.0125,-0.0876,-0.0093,0.0148
MACM101 - Simon Fraser University,high_achiever,28,0.93,0.98,0.05,0.0026,-0.2148,-0.023,-0.0014
MACM101 - Simon Fraser University,low_performer,28,0.23,0.58,0.35,0.0099,-0.0148,-0.0205,0.0159
MIS3690 - Babson College,above_average,24,0.74,0.87,0.13,0.0041,0.0139,-0.0404,-0.0161
MIS3690 - Babson College,average,24,0.28,0.81,0.53,0.0123,-0.0839,-0.0522,-0.0004
MIS3690 - Babson College,below_average,24,0.18,0.58,0.4,0.0156,-0.0113,-0.04,-0.0226
MIS3690 - Babson College,high_achiever,24,0.86,0.9,0.04,0.0016,-0.1496,-0.0374,-0.023
MIS3690 - Babson College,low_performer,24,0.16,0.46,0.3,0.012,-0.1996,-0.0239,-0.013
