folder,course_college,course_code,college_name,course_date,within3,instructor,rmp_matched_name,rmp_status,rmp_profile_url,rmp_course_num_ratings,rmp_course_avg_quality,rmp_course_avg_difficulty,rmp_course_would_take_again_pct,rmp_prof_avg_rating_overall,rmp_prof_avg_difficulty_overall,rmp_prof_num_ratings_overall,rmp_num_reviews_in_file
01,AY101 - University of Alabama,AY101,University of Alabama,2026,5,Jimmy Irwin,Jimmy Irwin,found,https://www.ratemyprofessors.com/professor/2671852,10,4.3,2.6,100.0,4.4,2.7,12,10
02,CS15122 - Carnegie Mellon University,CS15122,Carnegie Mellon University,2026,68,Iliano Cervesato,Iliano Cervesato,found,https://www.ratemyprofessors.com/professor/2220054,94,1.9,4.39,23.4,1.8,4.4,130,94
03,CS2110 - Cornell University,CS2110,Cornell University,2026,16,Matt Eichhorn,Matthew Eichhorn,found,https://www.ratemyprofessors.com/professor/2946584,16,3.81,3.75,87.5,4.2,3.7,29,16
04,CS5800 - Northeastern University,CS5800,Northeastern University,2026,8,Virgil Pavlu,Virgiliu Pavlu,found,https://www.ratemyprofessors.com/professor/1699685,28,4.04,4.39,60.7,4.2,4.3,50,28
05,CSE114 - Stony Brook University,CSE114,Stony Brook University,2026,9,Paul Fodor,Paul Fodor,found,https://www.ratemyprofessors.com/professor/1614881,157,4.67,2.91,40.8,4.8,2.9,339,157
06,CS122 - Carnegie Mellon University,CS122,Carnegie Mellon University,2026,15,Iliano Cervesato,Iliano Cervesato,found,https://www.ratemyprofessors.com/professor/2220054,30,1.53,4.3,13.3,1.8,4.4,130,30
07,CS201 - Duke University,CS201,Duke University,2026,23,Owen Astrachan & Alex Steiger,Owen Astrachan,found,https://www.ratemyprofessors.com/professor/44522,41,3.59,2.61,63.4,4.1,2.3,191,41
08,CS4476 - Georgia Institute of Technology,CS4476,Georgia Institute of Technology,2026,9,James Hays,James Hays,found,https://www.ratemyprofessors.com/professor/2082898,10,2.9,3.7,50.0,3.3,3.5,15,10
09,CAP5510 - University of Florida,CAP5510,University of Florida,2025,5,Tamer Kahveci,Tamer Kahveci,found,https://www.ratemyprofessors.com/professor/900753,12,4.25,3.0,50.0,4.5,2.8,32,12
10,CIS2166 - Temple University,CIS2166,Temple University,2025,13,Longin Jan Latecki,Longin Jan Latecki,found,https://www.ratemyprofessors.com/professor/1134945,20,3.3,3.15,35.0,3.2,3.0,23,20
11,COMP3500 - Auburn University,COMP3500,Auburn University,2025,7,Saad Biaz,Saad Biaz,found,https://www.ratemyprofessors.com/professor/138662,23,2.3,4.26,4.3,2.0,4.4,137,23
12,CS449 - University of Pittsburgh,CS449,University of Pittsburgh,2025,59,Luis Oliveira,Luis Oliveira,found,https://www.ratemyprofessors.com/professor/2447491,62,3.53,4.08,64.5,3.7,3.8,95,62
13,CSC4480 - Villanova University,CSC4480,Villanova University,2025,6,Ebelechukwu Nwafor,Ebelechukwu Nwafor,found,https://www.ratemyprofessors.com/professor/2645109,6,3.33,3.0,50.0,3.5,2.9,10,6
14,"CSE11 - University of California, San Diego",CSE11,"University of California, San Diego",2025,66,Ben Ochoa,Benjamin Ochoa,found,https://www.ratemyprofessors.com/professor/2337074,66,2.44,3.97,28.8,2.0,4.2,130,66
15,CSE150 - Stony Brook University,CSE150,Stony Brook University,2025,8,R. Sekar,R Sekar,found,https://www.ratemyprofessors.com/professor/1017280,10,1.4,4.3,10.0,1.7,4.4,35,10
16,"CSE252A - University of California, San Diego",CSE252A,"University of California, San Diego",2025,13,Ben Ochoa,Benjamin Ochoa,found,https://www.ratemyprofessors.com/professor/2337074,17,1.41,4.41,11.8,2.0,4.2,130,17
17,EC365 - Boston University,EC365,Boston University,2025,12,James Feigenbaum,James Feigenbaum,found,https://www.ratemyprofessors.com/professor/2358289,19,4.95,2.63,100.0,5.0,2.6,20,19
18,INFO4940 - Cornell University,INFO4940,Cornell University,2025,4,Benjamin Soltoff,Benjamin Soltoff,found,https://www.ratemyprofessors.com/professor/2881402,4,1.0,5.0,0.0,1.3,4.6,49,4
19,CS7643 - Georgia Institute of Technology,CS7643,Georgia Institute of Technology,2025,10,Zsolt Kira,Zsolt Kira,found,https://www.ratemyprofessors.com/professor/2354675,12,2.58,3.67,41.7,3.0,3.8,16,12
20,CS3853 - University of Texas at San Antonio,CS3853,University of Texas at San Antonio,2024,8,Wei Wang,Wei Wang,found,https://www.ratemyprofessors.com/professor/2508843,8,4.5,3.5,87.5,4.3,3.8,11,8
21,CS537 - University of Wisconsin-Madison,CS537,University of Wisconsin-Madison,2024,22,Louis Oliphant & Tej Chajed,Louis Oliphant,found,https://www.ratemyprofessors.com/professor/2965334,22,3.59,4.0,68.2,3.8,3.6,40,22
22,CSCI4430 - Rensselaer Polytechnic Institute,CSCI4430,Rensselaer Polytechnic Institute,2024,12,Carlos Varela,Carlos Varela,found,https://www.ratemyprofessors.com/professor/292499,19,1.63,4.42,10.5,1.8,4.3,67,19
23,CSCI567 - University of Southern California,CSCI567,University of Southern California,2024,17,Dani Yogatama,Dani Yogatama,found,https://www.ratemyprofessors.com/professor/2923311,17,1.59,4.65,11.8,1.6,4.7,17,17
24,DSCI553 - University of Southern California,DSCI553,University of Southern California,2024,50,Wei-Min Shen,Wei-Min Shen,found,https://www.ratemyprofessors.com/professor/2183918,50,1.6,4.76,12.0,1.5,4.4,125,50
25,3DB3 - McMaster University,3DB3,McMaster University,2024,6,Fei Chiang,Fei Chiang,found,https://www.ratemyprofessors.com/professor/1876759,8,2.62,4.0,25.0,3.1,3.7,22,8
26,CS442 - Penn State University,CS442,Penn State University,2024,6,Rui Zhang,Rui Zhang,found,https://www.ratemyprofessors.com/professor/2697276,6,3.33,3.83,66.7,4.0,4.1,14,6
27,ECE560 - Duke University,ECE560,Duke University,2024,4,Tyler Bletsch,Tyler Bletsch,found,https://www.ratemyprofessors.com/professor/2122671,6,5.0,2.67,100.0,4.8,2.9,45,6
28,CISC3171 - Brooklyn College,CISC3171,Brooklyn College,2023,6,Hui Chen,Hui Chen,found,https://www.ratemyprofessors.com/professor/2429486,6,4.83,2.67,100.0,3.3,3.5,21,6
29,COSC1306 - University of Houston,COSC1306,University of Houston,2023,10,Stephen Huang,Stephen Huang,found,https://www.ratemyprofessors.com/professor/2684190,10,1.4,4.6,0.0,1.2,4.5,22,10
30,CS15112 - Carnegie Mellon University,CS15112,Carnegie Mellon University,2023,18,Mike Taylor & Pat Virtue,Michael Taylor,found,https://www.ratemyprofessors.com/professor/2412546,18,4.39,3.44,83.3,4.8,3.3,16,18
31,CX4220 - Georgia Institute of Technology,CX4220,Georgia Institute of Technology,2023,4,Helen Xu,Helen Xu,found,https://www.ratemyprofessors.com/professor/2996698,4,3.0,4.75,50.0,1.9,4.5,11,4
32,CS104 - University of Southern California,CS104,University of Southern California,2022,72,Mark Redekopp & Aaron Cote,Mark Redekopp,found,https://www.ratemyprofessors.com/professor/860888,104,4.5,3.89,77.9,4.4,3.3,368,104
33,CS4450 - Cornell University,CS4450,Cornell University,2022,16,Rachit Agarwal,Rachit Agarwal,found,https://www.ratemyprofessors.com/professor/2209130,18,2.94,3.33,50.0,2.9,3.6,33,18
34,CSC241 - DePaul University,CSC241,DePaul University,2022,4,Luka Perkovic,Ljubomir Perkovic,found,https://www.ratemyprofessors.com/professor/507566,9,4.22,3.0,33.3,4.0,3.7,75,9
35,COMP251 - McGill University,COMP251,McGill University,2022,9,Giulia Alberini & Jérôme Waldispühl,Giulia Alberini,found,https://www.ratemyprofessors.com/professor/2233884,9,2.89,3.78,44.4,3.6,3.8,251,9
36,CS6375 - University of Texas at Dallas,CS6375,University of Texas at Dallas,2022,12,Nicholas Ruozzi,Nicholas Ruozzi,found,https://www.ratemyprofessors.com/professor/2058874,18,4.17,4.67,55.6,3.6,4.8,32,18
37,CSCIE109B - Harvard University,CSCIE109B,Harvard University,2022,17,Pavlos Protopapas & Mark Glickman,Pavlos Protopapas,found,https://www.ratemyprofessors.com/professor/2180585,19,3.74,3.05,68.4,3.8,3.1,24,19
38,CALC2202 - Kennesaw State University,CALC2202,Kennesaw State University,2021,5,Charles Kang,Charles Kang,found,https://www.ratemyprofessors.com/professor/2404580,9,3.89,2.89,77.8,4.0,3.2,87,9
39,"CMPSC16 - University of California, Santa Barbara",CMPSC16,"University of California, Santa Barbara",2021,12,Pierre Conrad,Phill Conrad,found,https://www.ratemyprofessors.com/professor/1146063,14,3.57,1.86,71.4,4.5,2.0,78,14
40,CS4320 - Cornell University,CS4320,Cornell University,2021,14,Immanuel Trummer,Immanuel Trummer,found,https://www.ratemyprofessors.com/professor/2260768,15,3.2,2.8,53.3,3.3,3.2,20,15
41,"CSC134 - California State University, Sacramento",CSC134,"California State University, Sacramento",2021,32,Ying Jin,Ying Jin,found,https://www.ratemyprofessors.com/professor/857674,47,3.57,2.87,53.2,3.6,2.7,63,47
42,CSI1430 - Baylor University,CSI1430,Baylor University,2021,4,William Booth,Bill Booth,found,https://www.ratemyprofessors.com/professor/85439,12,3.42,3.17,25.0,3.6,3.2,20,12
43,MIS3690 - Babson College,OIM3690,Babson College,2021,6,Zhi Li,ZHI LI,found,https://www.ratemyprofessors.com/professor/2471693,6,3.83,4.0,66.7,4.2,3.6,9,6
44,CMPSC311 - Penn State University,CMPSC311,Penn State University,2021,39,Patrick McDaniel,Patrick McDaniel,found,https://www.ratemyprofessors.com/professor/958723,57,3.68,3.68,45.6,3.6,3.7,67,57
45,CAP4053 - University of Florida,CAP4053,University of Florida,2020,8,jeremiah blanchard,Jeremiah Blanchard,found,https://www.ratemyprofessors.com/professor/2273667,8,4.25,3.62,87.5,4.0,3.8,95,8
46,CH1020 - Worcester Polytechnic Institute,CH1020,Worcester Polytechnic Institute,2020,55,Uma Kumar & Bruce Bursten & George Kaminski & Drew Brodeur & Elizabeth Bafaro,Uma Kumar,found,https://www.ratemyprofessors.com/professor/119896,91,3.57,3.59,50.5,3.9,2.9,77,91
47,CIS3550 - Baruch College,CIS3550,Baruch College,2020,5,Michael Whiteman,Michael Whiteman,found,https://www.ratemyprofessors.com/professor/2586055,5,5.0,3.0,100.0,5.0,3.0,6,5
48,CISC3130 - Brooklyn College,CISC3130,Brooklyn College,2020,11,Katherine Chuang,Katherine Chuang,found,https://www.ratemyprofessors.com/professor/2498806,12,2.17,3.0,33.3,2.4,3.4,59,12
49,EK307 - Boston University,EK307,Boston University,2020,4,Mark Horenstein,Mark Horenstein,found,https://www.ratemyprofessors.com/professor/203943,13,4.08,3.46,15.4,4.2,3.3,20,13
50,CS1331 - Georgia Institute of Technology,CS1331,Georgia Institute of Technology,2019,40,Christopher Simpkins,Christopher Simpkins,found,https://www.ratemyprofessors.com/professor/1842796,47,3.83,2.85,57.4,3.7,2.7,65,47
51,CS200 - University of Wisconsin-Madison,CS200,University of Wisconsin-Madison,2019,6,Sam Vinitsky,Sam Vinitsky,found,https://www.ratemyprofessors.com/professor/2490449,6,4.67,4.17,100.0,4.7,4.2,6,6
52,CSE307 - Stony Brook University,CSE307,Stony Brook University,2019,44,Paul Fodor,Paul Fodor,found,https://www.ratemyprofessors.com/professor/1614881,48,4.9,3.17,89.6,4.8,2.9,339,48
53,COMP411 - University of North Carolina at Chapel Hill,COMP411,University of North Carolina at Chapel Hill,2018,8,Donald Porter,Donald Porter,found,https://www.ratemyprofessors.com/professor/2219845,8,3.0,3.62,37.5,3.8,4.2,27,8
54,"CS64 - University of California, Santa Barbara",CS64,"University of California, Santa Barbara",2018,14,Ziad Matni,Ziad Matni,found,https://www.ratemyprofessors.com/professor/2178071,16,3.12,2.62,56.2,4.1,3.0,126,16
55,COSC175 - Towson University,COSC175,Towson University,2016,26,Blair Taylor,Blair Taylor,found,https://www.ratemyprofessors.com/professor/43197,85,4.25,2.67,7.1,4.2,2.8,161,85
56,CSC180 - University of Toronto,CSC180,University of Toronto,2016,9,Michael Guerzhoy,Michael Guerzhoy,found,https://www.ratemyprofessors.com/professor/2051735,11,4.91,2.73,72.7,3.8,3.0,59,11
57,CSE215 - Stony Brook University,CSE215,Stony Brook University,2016,33,Paul Fodor,Paul Fodor,found,https://www.ratemyprofessors.com/professor/1614881,41,4.88,2.54,12.2,4.8,2.9,339,41
58,CHE220 - Penn State University,CHE220,Penn State University,2015,10,Themis Matsoukas,Themis Matsoukas,found,https://www.ratemyprofessors.com/professor/840447,13,4.38,3.08,30.8,4.1,3.0,39,13
59,ENSC251 - Simon Fraser University,ENSC251,Simon Fraser University,2015,11,Lesley Shannon,Lesley Shannon,found,https://www.ratemyprofessors.com/professor/1090468,11,1.55,4.64,0.0,2.5,3.7,36,11
60,COMP557 - McGill University,COMP557,McGill University,2015,4,Michael Langer,Michael Langer,found,https://www.ratemyprofessors.com/professor/187694,8,4.12,3.88,0.0,3.9,3.4,89,8
61,ITI1120 - University of Ottawa,ITI1120,University of Ottawa,2014,9,Diana Inkpen,Diana Inkpen,found,https://www.ratemyprofessors.com/professor/596070,15,3.07,2.27,0.0,3.2,2.4,58,15
62,BNFO135 - New Jersey Institute of Technology,BNFO135,New Jersey Institute of Technology,2012,4,Usman Roshan,Usman Roshan,found,https://www.ratemyprofessors.com/professor/648433,4,4.25,3.25,0.0,2.4,3.7,37,4
63,CISC1600 - Brooklyn College,CISC1600,Brooklyn College,2012,7,Matthew Meyer,Matthew Meyer,found,https://www.ratemyprofessors.com/professor/954877,7,4.71,2.71,0.0,4.6,2.7,15,7
64,BUEC333 - Simon Fraser University,BUEC333,Simon Fraser University,2011,4,Simon D. Woodcock,Simon Woodcock,found,https://www.ratemyprofessors.com/professor/304369,17,4.12,3.12,5.9,3.9,2.8,35,17
65,ECON2030 - Auburn University,ECON2030,Auburn University,2011,12,Roger W. Garrison,Roger Garrison,found,https://www.ratemyprofessors.com/professor/80796,45,2.87,3.38,0.0,3.0,3.2,83,45
66,CSE342 - Lehigh University,CSE342,Lehigh University,2010,4,Mooi C. Chuah,Mooi Chuah,found,https://www.ratemyprofessors.com/professor/447487,5,3.0,3.8,0.0,3.0,3.7,25,5
67,EE230 - Iowa State University,EE230,Iowa State University,2010,4,Randy Geiger,Randall Geiger,found,https://www.ratemyprofessors.com/professor/66398,5,3.4,5.0,0.0,3.0,4.5,39,5
68,CEG402 - Wright State University,CEG402,Wright State University,2006,4,Bin Wang,Bin Wang,found,https://www.ratemyprofessors.com/professor/423394,7,2.57,3.86,0.0,2.7,3.5,19,7
69,COMS207 - Iowa State University,COMS207,Iowa State University,2006,5,Alexander Stoytchev,Alexander Stoytchev,found,https://www.ratemyprofessors.com/professor/787989,5,3.8,3.6,0.0,4.6,3.4,85,5
70,CS1502 - University of Pittsburgh,CS1502,University of Pittsburgh,2006,4,George Novacky,George Novacky,found,https://www.ratemyprofessors.com/professor/9339,8,4.75,2.38,0.0,4.0,2.8,58,8
71,CSCI3022 - University of Colorado Boulder,CSCI3022,University of Colorado Boulder,2021,4,Murray William Cox,Murray Cox,found,https://www.ratemyprofessors.com/professor/2010788,4,3.75,3.25,75.0,3.2,3.8,79,4
72,MACM101 - Simon Fraser University,MACM101,Simon Fraser University,2016,7,Ramesh Krishnamurti,Ramesh Krishnamurti,found,https://www.ratemyprofessors.com/professor/21747,7,1.86,2.86,0.0,2.2,3.4,55,7
73,CS6360 - University of Texas at Dallas,CS6360,University of Texas at Dallas,2019,20,Murat Kantarcioglu,Murat Kantarcioglu,found,https://www.ratemyprofessors.com/professor/1073398,23,2.17,4.39,21.7,2.4,4.3,28,23
