course_college	complete	N	reason
CS4780 - Cornell University - Kilian Weinberger	yes	25	Full ML topic series intro->KNN/SVM/kernel->NN; no_animation/annotated variants collapse; matches 25-lecture schedule
CS225 - University Of Illinois at Urbana - Champaign - Graham Evans	yes	41	Gap-free numbered DS run 01-41; dup annotated/noted variants collapsed; index html+review ignored
CS5780 - Cornell University - Kilian Weinberger	yes	25	Cross-listed grad section of CS4780; identical 54-deck full ML series (25 distinct lectures)
CSCIE109B - Harvard University - Pavlos Protopapas	no		Only 1 deck (intro lecture); partial
CSE354 - Stony Brook University (SUNY) - H. Schwartz	yes	10	NLP series lectures 1-9 gap-free (+7-b continuation); PyTorch supplement ignored; intro->ASR spans term
CSE545 - Stony Brook University (SUNY) - H. Schwartz	yes	10	Big Data series lectures 1-10 gap-free; intro->time-series spans term
ECON1403 - Massachusetts Institute of Technology - David Autor	no		Only 1 deck (lec3 math tools); partial
1403 - Massachusetts Institute of Technology - David Autor	no		Only 1 deck (dup of ECON1403 entry); partial
6041 - Massachusetts Institute of Technology - Muriel Medard	no		Only 1 deck (single lecture slides); partial
