category	course_college	url	reason
good	CS213 - Carnegie Mellon University	https://www.cs.cmu.edu/afs/cs/academic/class/15213-f01/www/lectures.html	
good	CS2303 - Worcester Polytechnic Institute	https://web.cs.wpi.edu/~cs2303/c10/Protected/Lectures-C10/Week0_Introduction.ppt	
good	CPS108 - Duke University	https://courses.cs.duke.edu/cps108/spring03/notes/	multipaged ppts
good	CS1315 - Georgia Institute of Technology	https://faculty.cc.gatech.edu/~bleahy/cs1315/	
good	CEN4010 - Florida International University	https://users.cs.fiu.edu/~clarkep/courses/Fall2005/cen4010/syllabus.html	
good	CPRE416 - Iowa State University	https://class.ece.iastate.edu/kothari/cpre416/	
good	CEG402 - Wright State University	https://cecs.wright.edu/~bwang/course/ceg402/Lecture1.ppt	
good	COMS207 - Iowa State University	https://home.engineering.iastate.edu/alexs/classes/2006_Spring_207/slides/01_Intro.ppt	
good	CS1502 - University of Pittsburgh	https://people.cs.pitt.edu/~wiebe/courses/CS1502/lectures/	
good	SENG474 - University of Victoria	https://webhome.cs.uvic.ca/~thomo/seng474/index.html	
good	CS458 - University of Waterloo	https://crysp.uwaterloo.ca/courses/cs458/F08-lectures/	
good	ITCS6114 - University of North Carolina at Charlotte	https://webpages.charlotte.edu/ras/ITCS6114.html	
good	CH204 - University of Texas at Austin	http://anderson.cm.utexas.edu/courses/ch204/ppts.html	
good	CS106A - Stanford University	https://cs.stanford.edu/people/eroberts/courses/cs106a/lectures/index.html	
good	CS2800 - Cornell University	https://www.cs.cornell.edu/courses/cs2800/2009fa/notes.htm	
good	CS3810 - University of Utah	https://users.cs.utah.edu/~rajeev/cs3810/slides/	
good	ECT250 - DePaul University	http://facweb.cs.depaul.edu/asettle/research/ect250/notes/introduction.ppt	
good	CSE342 - Lehigh University	https://www.cse.lehigh.edu/~chuah/courses/cse342/Welcome.pdf	
good	IT130 - DePaul University	http://facweb.cs.depaul.edu/mobasher/classes/it130/schedule.htm	
good	BUEC333 - Simon Fraser University	https://www.sfu.ca/~swoodcoc/teaching/sp2011/buec333/lectures.htm	but for me, its showing page not found for ppts
good	BNFO135 - New Jersey Institute of Technology	https://web.njit.edu/~usman/courses/bnfo135_fall12/bnfo135_lec1.ppt	
good	CISC1600 - Brooklyn College	http://www.sci.brooklyn.cuny.edu/~meyer/CISC1600/	
good	CSSE221 - Rose-Hulman Institute of Technology	https://www.rose-hulman.edu/class/csse/csse221/201210/Slides/01%20Introduction.pdf	
good	CSCI3411 - George Washington University	https://www2.seas.gwu.edu/~gparmer/courses/f13_3411/	
good	ECE3530 - University of Utah	https://my.ece.utah.edu/~ece3530/	
good	CS596 - San Diego State University	https://eli.sdsu.edu/courses/fall14/cs596/notes/index.html	
good	CSCI1106 - Dalhousie University	https://hallab.cs.dal.ca/CSCI1106	
good	ITI1120 - University of Ottawa	https://www.site.uottawa.ca/~diana/iti1120/	
good	CHE220 - Penn State University	https://sites.psu.edu/fcet/lecture-notes/	
good	CHE320 - Penn State University	https://sites.psu.edu/fcet/lecture-notes/	same link
good	CS111L - Wellesley College	http://cs111.wellesley.edu/archive/cs111_fall15/public_html/notes/lectures/01_course_overview_4up.pdf	multipaged ppts
good	CSI3131 - University of Ottawa	https://www.site.uottawa.ca/~nat/Courses/csi3131/	
good	ENSC251 - Simon Fraser University	http://www2.ensc.sfu.ca/~lshannon/courses/ensc251/lecture_sets.html	
good	CEM151 - Michigan State University	https://www2.chemistry.msu.edu/courses/cem151/lecturesched.htm	
good	COSC175 - Towson University	https://tigerweb.towson.edu/btaylor/cosc175/syllabus/syll_175fa16.html	
good	CS1110 - Cornell University	https://www.cs.cornell.edu/courses/cs1110/2016sp/lectures/index.php.html	
good	CSC180 - University of Toronto	http://www.cs.toronto.edu/~guerzhoy/180f16/	
good	CSE215 - Stony Brook University	https://www3.cs.stonybrook.edu/~pfodor/courses/cse215.html	
good	ICSI403 - University at Albany	http://www.cs.albany.edu/~petko/classes/FALL16-CSI403.php	2016
good	CMPT371 - Simon Fraser University	https://coursys.sfu.ca/2017sp-cmpt-371-e1/pages/_all	
good	CPTS317 - Washington State University	https://eecs.wsu.edu/~ananth/CptS317/Lectures/index.htm	
good	CSCI3022 - University of Colorado Boulder	https://home.cs.colorado.edu/~ketelsen/files/courses/csci3022/slides/	
good	ECE4960 - Cornell University	https://ocw.ece.cornell.edu/courses/ece-4960-computational-and-software-engineering/ece-4960-lectures-notes-and-handouts/	
good	COMP411 - University of North Carolina at Chapel Hill	https://www.cs.unc.edu/~porter/courses/comp411/s18/syllabus.html	
good	CS64 - University of California, Santa Barbara	https://github.com/ucsb-cs64-f18/ucsb-cs64-f18.github.io/tree/master/_lectures	
good	CSC310 - University of Rhode Island	https://homepage.cs.uri.edu/faculty/hamel/courses/2018/spring2018/csc310/lecture-notes/	
good	CSCI2132 - Dalhousie University	https://web.cs.dal.ca/~vlado/csci2132/slides/sd01-slides.pdf	
good	ECE563 - North Carolina State University	https://ericrotenberg.wordpress.ncsu.edu/ece-463-563-fall-2018-microprocessor-architecture/	
good	CS1331 - Georgia Institute of Technology	https://cs1331.gitlab.io/slides/introduction.pdf	
good	CS200 - University of Wisconsin-Madison	https://pages.cs.wisc.edu/~vinitskys/cs200_files/lectures/1_Welcome_to_CS200.pdf	
good	CS371 - Duke University	https://courses.cs.duke.edu/fall19/compsci371d/slides/	
good	CS680 - University of Waterloo	https://cs.uwaterloo.ca/~ppoupart/teaching/cs480-fall20/	
good	CS7637 - Georgia Institute of Technology	https://github.com/parthi2929/gt_cs7637/tree/master/Slides	
good	CSE307 - Stony Brook University	https://www3.cs.stonybrook.edu/~pfodor/courses/cse307.html	
good	ECE2100 - Cornell University	https://ocw.ece.cornell.edu/ece-2100-lecture-notes/	
good	CAP4053 - University of Florida	https://github.com/maxkrieger2000/cap4053-student-materials/tree/main/Lecture%20Slides	
good	CH1020 - Worcester Polytechnic Institute	https://github.com/Mcdonoughd/CH1020/tree/master/Class%20Slides/Lecture%20Slides	
good	CIS3550 - Baruch College	https://academicworks.cuny.edu/bb_oers/5/	
good	CISC3130 - Brooklyn College	https://libguides.brooklyn.cuny.edu/cisc3130/schedule	
good	CPSC102 - Clemson University	http://andrewd.ces.clemson.edu/courses/cpsc102/spring20/slides/11C++%20Classes%20Part%203.pptx	
good	CS1340 - Southern Methodist University	https://smu-cs1340.github.io/cs1340-f2020/syllabus/syllabus/	
good	EK307 - Boston University	https://sites.bu.edu/engcourses/ek307/	
good	2GA3 - McMaster University	https://github.com/chowdhaj/McMaster/tree/main/My%20Courses/CompSci%202GA3/2021/Slides	
good	CALC2202 - Kennesaw State University	https://facultyweb.kennesaw.edu/ykang4/math2202.php	only 1 available
good	CMPSC16 - University of California, Santa Barbara	https://ucsb-cs16.github.io/w20/info/syllabus/	
good	CS4320 - Cornell University	http://www.databaselecture.com/	
good	CSC134 - California State University, Sacramento	https://zedchance.github.io/notes/134-6.pdf	
good	CSI1430 - Baylor University	https://github.com/xiangmind/csi_1430	
good	MIS3690 - Babson College	https://github.com/gscholer/OIM3690-resources/blob/main/slides	
good	CMPT320 - Simon Fraser University	https://coursys.sfu.ca/2022sp-cmpt-320-d1/pages/	
good	CMPT354 - Simon Fraser University	https://sfu-db.github.io/cmpt354/	
good	CS104 - University of Southern California	https://ee.usc.edu/~redekopp/cs104/slides/L01_Overview.pdf	
good	CS4450 - Cornell University	https://www.cs.cornell.edu/courses/cs4450/2022fa/schedule.html	
good	CS6810 - University of Utah	https://users.cs.utah.edu/~rajeev/cs6810/	
good	CSC241 - DePaul University	https://reed.cs.depaul.edu/lperkovic/csc241/	
good	ECE471 - University of Maine	https://web.eece.maine.edu/~vweaver/classes/ece471_2022f/	
good	CISC3171 - Brooklyn College	https://huichen-cs.github.io/course/CISC3171/23SP/syllabus/	
good	COSC1306 - University of Houston	https://www2.cs.uh.edu/~acl/cs1336/Resource/index.html	
good	CS15112 - Carnegie Mellon University	https://www.cs.cmu.edu/~112-f23/	
good	CSE548 - Stony Brook University	https://www3.cs.stonybrook.edu/~rezaul/CSE548-F23.html	
good	CX4220 - Georgia Institute of Technology	https://sites.gatech.edu/cse6220fall24/	
good	CS3853 - University of Texas at San Antonio	https://wwang.github.io/teaching/slides/Comp_Arch/Midterm1_PreparationU.pdf	
good	CS537 - University of Wisconsin-Madison	https://pages.cs.wisc.edu/~oliphant/cs537-sp24/	
good	CSCI4430 - Rensselaer Polytechnic Institute	https://www.cs.rpi.edu/academics/courses/fall24/csci4430/	
good	CSCI567 - University of Southern California	https://usc-tamagotchi.github.io/csci-567/24f/slides/lec10%20f24.pdf	
good	DSCI553 - University of Southern California	https://github.com/HaoyueXU99/USC-DSCI-553-Fall23/tree/main/Slides	
good	ECE6254 - Georgia Institute of Technology	https://mdav.ece.gatech.edu/ece-6254-spring2024/notes/	
good	CAP5510 - University of Florida	https://www.cise.ufl.edu/~tamer/teaching/fall2025/lectures/01-CAP5510.pptx	
good	CIS2166 - Temple University	https://cis-linux1.temple.edu/~latecki/Courses/CIS2166-Spring25/	
good	CMSC231 - Haverford College	https://thao-nguyen-ai.github.io/courses/cs105/s25/index.html	
good	COMP3500 - Auburn University	https://github.com/kmoreland126/COMP-3500	
good	CS0170 - Brown University	https://cs.brown.edu/courses/cs017/content/slides/01welcome-slides.pdf	
good	CS316 - Duke University	https://sites.duke.edu/compsci_316d_001_f25/	
good	CS449 - University of Pittsburgh	https://cs0449.gitlab.io/fa2025/slides/01_CS449_Introduction.pdf	
good	CSC4480 - Villanova University	http://www.csc.villanova.edu/~enwafor/database/	
good	CSE11 - University of California, San Diego	https://cseweb.ucsd.edu/classes/sp25/cse11-a/	
good	CSE150 - Stony Brook University	https://www.seclab.cs.sunysb.edu/sekar/cse150/	
good	CSE252A - University of California, San Diego	https://cseweb.ucsd.edu/classes/fa25/cse252A-a/	
good	EC365 - Boston University	https://jamesfeigenbaum.github.io/lectures/ec365/slides_intro.pdf	
good	INFO4940 - Cornell University	https://info4940.infosci.cornell.edu/	
good	AY101 - University of Alabama	https://pages.astronomy.ua.edu/jairwin/AY101/AY101.html	
good	COSC6335 - University of Houston	https://www2.cs.uh.edu/~ceick/DM/DM.html	
good	CS15122 - Carnegie Mellon University	https://www.cs.cmu.edu/~15122/handouts.shtml	
good	CS167 - Drake University	https://analytics.drake.edu/~reza/teaching/cs167_sp26/lecture_slides/	
good	CS2110 - Cornell University	https://www.cs.cornell.edu/courses/cs2110/2026sp/	
good	CS5800 - Northeastern University	https://www.khoury.northeastern.edu/home/vip/teach/Algorithms/html/aboutcs5800_mod.html	
good	CSE114 - Stony Brook University	https://www3.cs.stonybrook.edu/~pfodor/courses/cse114.html	
good	CSE303 - Stony Brook University	https://www3.cs.stonybrook.edu/~cse303/	
good	ECE177 - University of Maine	https://web.eece.maine.edu/~vweaver/classes/ece177_2026s/	
good	CSC111L - Quinnipiac University	https://plantarc.github.io/csslides/csc111.html	
good	CSE328 - Stony Brook University	https://www3.cs.stonybrook.edu/~cse328/lecture_notes.html	
good	MAT243 - Arizona State University	https://math.asu.edu/mat243	
noslides	AEM250 - University of Alabama	http://mbarkey.eng.ua.edu/courses/AEM250/AEM250.htm	handwritten notes on pdfs
noslides	AI534 - Oregon State University	https://web.engr.oregonstate.edu/~huanlian/teaching/ML/2024fall/	html, no slides
noslides	AMAT502 - University at Albany	https://amat502.github.io/	no slides
noslides	ASTR1010K - Georgia State University	https://chara.gsu.edu/~crenshaw/astr1010.html	multipaged ppts
noslides	ASTR122 - University of Oregon	https://pages.uoregon.edu/jimbrau/astr122/Notes/Intro.html	html file - no slides
noslides	ASTR391 - University of Kansas	https://crossfield.ku.edu/A391_2025B/	notes, not slides
noslides	ASTRO001 - Penn State University	https://personal.science.psu.edu/wnb3/astro1/astro1.html	html file - no slides
noslides	ASTRO001V - Penn State University	https://personal.science.psu.edu/wnb3/astro1/astro1.html	same link
noslides	ASTRO497 - Penn State University	https://psuastro497.github.io/Fall2022/lessons/	no slides, only labs
noslides	C1045 - Florida International University	https://faculty.fiu.edu/~gravesp/1045%20help.html	
noslides	CALC1190 - Kennesaw State University	https://facultyweb.kennesaw.edu/ykang4/math1190.php	
noslides	CALC1431 - University of Houston	https://www.math.uh.edu/~jmorgan/Math1431/	multipaged ppts
noslides	CALC1432 - University of Houston	https://www.math.uh.edu/~jmorgan/Math1432/	multipaged ppts
noslides	CALC21 - Lehigh University	https://www.lehigh.edu/~dlj0/courses/online-21/content/Contents.html	html, no slides
noslides	CEE313 - University of Dayton	https://ecommons.udayton.edu/cee_hydraulics/	notes, not slides
noslides	CH310N - University of Texas at Austin	http://anslyn.cm.utexas.edu/courses/ch310n/Site/Welcome.html	handwritten notes on pdfs
noslides	CIS200 - Kansas State University	https://textbooks.cs.ksu.edu/cis200/	html, no slides
noslides	CIS55 - Temple University	https://cis.temple.edu/~pwang/5511-PT/5511-index.htm	html file - no slides
noslides	CMPSC111 - University of California, Santa Barbara	https://github.com/ucsb-cs111/w20-lecture-files/tree/master/lecture_files	notes
noslides	CMPT308 - Simon Fraser University	http://www.sfu.ca/~kabanets/308/	handwritten notes on pdfs
noslides	CMPT363 - Simon Fraser University	http://www.sfu.ca/~htsang/cmpt363/	not found
noslides	CMPT373 - Simon Fraser University	https://www2.cs.sfu.ca/~wsumner/teaching/373/25/schedule.html	html
noslides	CMPT383 - Simon Fraser University	https://coursys.sfu.ca/2025su-cmpt-383-d1/pages/	no
noslides	CMSC131 - University of Maryland	https://www.cs.umd.edu/class/summer2024/cmsc131/index.shtml	unaccessible
noslides	CMSC132 - University of Maryland	https://www.cs.umd.edu/class/spring2025/cmsc132-010X-020X/index.shtml	unaccessible
noslides	COEN250 - Santa Clara University	https://github.com/mySCU/COEN250	no
noslides	COMP0015 - Tufts University	https://sites.tufts.edu/comp15/	no
noslides	COMP2710 - Auburn University	https://www.eng.auburn.edu/~xqin/courses/comp2710/fall09/lectures.htm	no
noslides	COMP310 - McGill University	http://cs.mcgill.ca/media/academic/courses/17_COMP_310_7ixXA0V.pdf	no
noslides	COMP322 - McGill University	http://cs.mcgill.ca/media/academic/courses/19_COMP_322_Pv4bTGh.pdf	no
noslides	COMP7500 - Auburn University	https://www.eng.auburn.edu/~xqin/courses/comp7500/lectures.htm	no
noslides	COSC1320 - University of Houston	https://www2.cs.uh.edu/~chengu/Teaching/Spring2014/Spring2014_COSC1320.html	no
noslides	CPSC449 - University of Calgary	https://pages.cpsc.ucalgary.ca/~robin/class/449/webnotes.html	no
noslides	CS0447 - University of Pittsburgh	https://people.cs.pitt.edu/~jmisurda/teaching/cs0447-2134-index.htm	no
noslides	CS0449 - University of Pittsburgh	https://people.cs.pitt.edu/~jacklange/teaching/cs449-s15/	no
noslides	CS102 - Cooper Union	https://hong3cooper.github.io/cs102c_fall2024.html	html
noslides	CS104C - University of Texas at Austin	https://www.cs.utexas.edu/~downing/cs104c/	no
noslides	CS1114 - Virginia Tech	https://raw.githubusercontent.com/mikesir87/cs1114/master/slides/01-intro/slides.md	no
noslides	CS132 - Boston University	https://nmmull.github.io/CS132-F23/index.html	no
noslides	CS1699 - University of Pittsburgh	https://ryanzshi.github.io/f24-cs1699.html	no
noslides	CS181 - Stanford University	https://stanfordcs181.github.io/	no
noslides	CS181W - Stanford University	https://stanfordcs181.github.io/	no
noslides	CS2104 - Virginia Tech	https://courses.cs.vt.edu/cs2104/Spring12Onufriev/	no
noslides	CS303 - College of William & Mary	https://www.cs.wm.edu/~tadavis/cs303/	multipaged ppts
noslides	CS3251 - Vanderbilt University	https://www.dre.vanderbilt.edu/~schmidt/cs251/C++/lectures/PPTs/1-Introduction.pptx	no
noslides	CS3281 - Vanderbilt University	https://patrickpei.github.io/vu/cs3281/	no
noslides	CS3333 - University of Texas at San Antonio	https://www.cs.utsa.edu/faculty/boppana/3333/	handwritten notes on pdfs
noslides	CS3398 - Texas State University	https://userweb.cs.txstate.edu/~rp31/cs3398SumMain.html	no
noslides	CS3650 - Northeastern University	https://course.khoury.northeastern.edu/cs3650/	no
noslides	CS3733 - Worcester Polytechnic Institute	https://web.cs.wpi.edu/~kfisler/Courses/CS3733/Lectures/	no
noslides	CS390 - Old Dominion University	https://www.cs.odu.edu/~zeil/cs390/latest/Public/orientationSlides/orientationSlides__slides.html	html
noslides	CS4100 - Northeastern University	http://www.ccs.neu.edu/home/camato/4100summaryS25.html	no
noslides	CS4240 - Georgia Institute of Technology	https://faculty.cc.gatech.edu/~qrzhang/course/cs4240/index.html	no
noslides	CS439 - University of Texas at Austin	https://www.cs.utexas.edu/~ans/classes/cs439/index.html	no
noslides	CS4675 - Georgia Institute of Technology	https://faculty.cc.gatech.edu/~lingliu/courses/cs6675/14Spring/lectures.htm	no
noslides	CS4820 - Cornell University	https://www.cs.cornell.edu/courses/cs4820/2024sp/lectures/	handwritten notes on pdfs
noslides	CS50X - Harvard University	https://cs50.harvard.edu/x/notes/0/	no
noslides	CS5100 - Northeastern University	https://www.khoury.northeastern.edu/home/camato/5100scheduleS24.html	no
noslides	CS5340 - Northeastern University	https://www.ccs.neu.edu/home/intille/teaching/HCI/Slides/L2Final.pdf	no
noslides	CS6301 - University of Texas at Dallas	https://labs.utdallas.edu/irvl/courses/fall-2024-cs-6301/	no
noslides	CS6301UID - University of Texas at Dallas	https://labs.utdallas.edu/irvl/courses/fall-2024-cs-6301/	no
noslides	CSC015 - Hofstra University	https://cs.hofstra.edu/~knarig/csc015/	no
noslides	CSC139 - California State University, Sacramento	https://athena.ecs.csus.edu/~zhangd/csc139/csc139.htm	no
noslides	CSC144 - University of Arizona	https://cs.arizona.edu/classes/cs144/spring24-002/	no
noslides	CSC222 - Creighton University	https://dave-reed.com/csc222.S12/	no
noslides	CSC28 - California State University, Sacramento	http://devincook.com/csc/28/notes.html	no
noslides	CSC3010 - Wayne State University	https://fengweiz.github.io/19sp-csc3010/index.html	no
noslides	CSC322 - University of Miami	https://www.cs.miami.edu/home/geoff/Courses/CSC322-25F/	no
noslides	CSC360 - University of Victoria	https://webhome.cs.uvic.ca/~pan/csc360f14/	no
noslides	CSC545 - University of Miami	https://www.cs.miami.edu/~geoff/Courses/CSC545-08S/	no
noslides	CSCE350 - University of South Carolina	https://cse.sc.edu/~mgv/csce350sp05/index.html	no
noslides	CSCE390 - University of South Carolina	https://www.cse.sc.edu/~mgv/csce390f23/index.html	no
noslides	CSCI1100 - Rensselaer Polytechnic Institute	https://www.cs.rpi.edu/~mushtu/CS1100/index.html	no
noslides	CSCI1111 - George Washington University	https://www2.seas.gwu.edu/~kinga/CS1111_S26/index.html	no
noslides	CSCI2140 - Dalhousie University	https://www.cs.dal.ca/~sraza/CSCI2140/chapter01_DF.pdf	multipaged ppts
noslides	CSCI304 - College of William & Mary	https://www.cs.wm.edu/~tadavis/cs304/	multipaged ppts
noslides	CSCI4380 - Rensselaer Polytechnic Institute	https://www.cs.rpi.edu/~sibel/csci4380/fall2023/course_notes.html	no
noslides	CSCI467 - University of Southern California	https://usc-csci467.github.io/spring2024/	no
noslides	CSE120 - Arizona State University	https://bmoraffa.github.io/EEE_CSE120_Fall2020.html	no
noslides	CSE156 - University of California, San Diego	http://cseweb.ucsd.edu/~nnakashole/teaching/156_sp19.html	no
noslides	CSE256 - University of California, San Diego	https://cseweb.ucsd.edu/~nnakashole/teaching/256_sp19.html	no
noslides	CSE7314 - Southern Methodist University	https://s2.smu.edu/~tian/class/7314.05s/	no
noslides	CSSE333 - Rose-Hulman Institute of Technology	https://www.rose-hulman.edu/class/cs/csse333/Slides/BFViews.ppt	
noslides	DS4400 - Northeastern University	http://khoury.northeastern.edu/home/eelhami/courses_nu_ds4400_fall21.htm	no
noslides	ECE2210 - University of Utah	https://my.ece.utah.edu/~ece2210/ECE2210hw_F06.htm	no
noslides	ECE2400 - Cornell University	https://www.csl.cornell.edu/courses/ece2400/handouts.shtml	no
noslides	ECS088 - University of California, Davis	https://web.cs.ucdavis.edu/~koehl/Teaching/ECS088/lectures.html	no
noslides	ECS120 - University of California, Davis	https://web.cs.ucdavis.edu/~doty/ecs120slides/01a_Introduction-deck.html	no
noslides	ECS129 - University of California, Davis	https://www.cs.ucdavis.edu/~koehl/Teaching/ECS129/index.html	no
noslides	ECS154A - University of California, Davis	https://heather.cs.ucdavis.edu/~matloff/154a.html	no
noslides	ECS30 - University of California, Davis	https://web.cs.ucdavis.edu/~bai/ECS30/	no
noslides	EEE202 - Arizona State University	https://tsakalis.faculty.asu.edu/202.htm	no
noslides	EEE203 - Arizona State University	https://tsakalis.faculty.asu.edu/203.htm	no
noslides	EEE591 - Arizona State University	https://ecee.engineering.asu.edu/wp-content/uploads/sites/40/2019/05/EEE-498-591-Introduction-to-Python-for-Rapid-Engineering-Solutions.pdf	no
noslides	IOOP101 - Rowan University	https://users.rowan.edu/~chien/IOOP-OOPDA/IOOP_Syllabus_24-25-Spring.html	no
noslides	ITCS4120 - University of North Carolina at Charlotte	https://viscenter.charlotte.edu/about/courses/itcs-61208120-computer-graphics/	no
noslides	MATH2637 - Auburn University	https://webhome.auburn.edu/~huanghu/math2637/	no
noslides	MATH330 - Binghamton University	https://people.math.binghamton.edu/mfochler/bu-mfx/bu-math-arv/math-330-arv/math-330-2024-02/html/math-330-course-mat.html	no
noslides	MECH2110 - Auburn University	https://www.eng.auburn.edu/~marghitu/MECH2110/mech2110.htm	no
noslides	MECH3140 - Auburn University	https://www.eng.auburn.edu/~dmbevly/mech3140/	no
noslides	PHY131 - Arizona State University	http://qinglab.physics.asu.edu/LabNotes/doku.php?id=teaching:phy131:phy131_recordings	no
