prof_name,school,course,num_ratings,avg_quality,avg_difficulty,legacy_id,profile_url
Abhijit Banerjee,Massachusetts Institute of Technology,21F010,1,5.0,4.0,304839,https://www.ratemyprofessors.com/professor/304839
Abhijit Banerjee,Massachusetts Institute of Technology,ECON1477,1,5.0,2.0,304839,https://www.ratemyprofessors.com/professor/304839
Alan Guth,Massachusetts Institute of Technology,801L,3,5.0,3.0,1139554,https://www.ratemyprofessors.com/professor/1139554
Alan Guth,Massachusetts Institute of Technology,SCI1,2,3.0,2.0,1139554,https://www.ratemyprofessors.com/professor/1139554
Alan Guth,Massachusetts Institute of Technology,807,1,4.0,4.0,1139554,https://www.ratemyprofessors.com/professor/1139554
Albert Meyer,Massachusetts Institute of Technology,6042,7,3.43,1.71,95063,https://www.ratemyprofessors.com/professor/95063
Albert Meyer,Massachusetts Institute of Technology,CLASS,2,4.0,2.5,95063,https://www.ratemyprofessors.com/professor/95063
Alex Aiken,Stanford University,CS242,2,1.0,4.5,1801550,https://www.ratemyprofessors.com/professor/1801550
Alex Aiken,Stanford University,CS143,1,4.0,4.0,1801550,https://www.ratemyprofessors.com/professor/1801550
Amir-massoud Farahmand,University of Toronto - St. George Campus,CSC2515,3,3.67,4.0,2678637,https://www.ratemyprofessors.com/professor/2678637
Amir-massoud Farahmand,University of Toronto - St. George Campus,CSC2547,3,3.0,4.0,2678637,https://www.ratemyprofessors.com/professor/2678637
Andrew Whittle,Massachusetts Institute of Technology,1322,2,2.5,4.5,473441,https://www.ratemyprofessors.com/professor/473441
Andrew Whittle,Massachusetts Institute of Technology,1.322,1,5.0,4.0,473441,https://www.ratemyprofessors.com/professor/473441
Andrew Whittle,Massachusetts Institute of Technology,CIV322,1,5.0,2.0,473441,https://www.ratemyprofessors.com/professor/473441
Andrew Whittle,Massachusetts Institute of Technology,GEOTECH,1,3.0,2.0,473441,https://www.ratemyprofessors.com/professor/473441
Anshul Gandhi,Stony Brook University (SUNY),CSE544,5,3.4,3.2,1944746,https://www.ratemyprofessors.com/professor/1944746
Anshul Gandhi,Stony Brook University (SUNY),CSE390,2,5.0,4.5,1944746,https://www.ratemyprofessors.com/professor/1944746
Anshul Gandhi,Stony Brook University (SUNY),CSE357,1,5.0,3.0,1944746,https://www.ratemyprofessors.com/professor/1944746
Anshul Gandhi,Stony Brook University (SUNY),CSE591,1,4.0,3.0,1944746,https://www.ratemyprofessors.com/professor/1944746
Anshul Gandhi,Stony Brook University (SUNY),CSE691,1,5.0,3.0,1944746,https://www.ratemyprofessors.com/professor/1944746
Asuman Ozdaglar,Massachusetts Institute of Technology,EECS6207,4,2.25,4.75,121204,https://www.ratemyprofessors.com/professor/121204
Asuman Ozdaglar,Massachusetts Institute of Technology,6207,1,2.0,3.0,121204,https://www.ratemyprofessors.com/professor/121204
Barton Zwiebach,Massachusetts Institute of Technology,805X,5,5.0,3.6,562630,https://www.ratemyprofessors.com/professor/562630
Barton Zwiebach,Massachusetts Institute of Technology,805,4,5.0,3.75,562630,https://www.ratemyprofessors.com/professor/562630
Barton Zwiebach,Massachusetts Institute of Technology,2008,1,5.0,2.0,562630,https://www.ratemyprofessors.com/professor/562630
Barton Zwiebach,Massachusetts Institute of Technology,8251,1,5.0,4.0,562630,https://www.ratemyprofessors.com/professor/562630
Barton Zwiebach,Massachusetts Institute of Technology,AB,1,5.0,3.0,562630,https://www.ratemyprofessors.com/professor/562630
Barton Zwiebach,Massachusetts Institute of Technology,PHYR,1,5.0,2.0,562630,https://www.ratemyprofessors.com/professor/562630
Brian Subirana,Massachusetts Institute of Technology,E11,1,5.0,3.0,936817,https://www.ratemyprofessors.com/professor/936817
Brian Subirana,Massachusetts Institute of Technology,ESD290,1,3.0,1.0,936817,https://www.ratemyprofessors.com/professor/936817
Brian Subirana,Massachusetts Institute of Technology,ESDSECT,1,3.0,2.0,936817,https://www.ratemyprofessors.com/professor/936817
Caroline Jones,Massachusetts Institute of Technology,ARTHARTH,1,5.0,5.0,1600097,https://www.ratemyprofessors.com/professor/1600097
Charles Leiserson,Massachusetts Institute of Technology,CS6172,1,5.0,4.0,1786471,https://www.ratemyprofessors.com/professor/1786471
Charles Leiserson,Massachusetts Institute of Technology,SMA5503,1,5.0,4.0,1786471,https://www.ratemyprofessors.com/professor/1786471
Charles Sodini,Massachusetts Institute of Technology,6012,2,1.0,4.5,121231,https://www.ratemyprofessors.com/professor/121231
Charles Sodini,Massachusetts Institute of Technology,EE6012,2,3.0,3.0,121231,https://www.ratemyprofessors.com/professor/121231
Charles Sodini,Massachusetts Institute of Technology,ECE6720,1,3.0,4.0,121231,https://www.ratemyprofessors.com/professor/121231
Charles Sodini,Massachusetts Institute of Technology,EE720,1,2.0,3.0,121231,https://www.ratemyprofessors.com/professor/121231
Charles Van Loan,Cornell University,CS1110,8,3.5,3.63,357392,https://www.ratemyprofessors.com/professor/357392
Charles Van Loan,Cornell University,CS100M,3,3.33,3.33,357392,https://www.ratemyprofessors.com/professor/357392
Charles Van Loan,Cornell University,CS322,3,1.33,3.67,357392,https://www.ratemyprofessors.com/professor/357392
Charles Van Loan,Cornell University,CS100,2,5.0,4.0,357392,https://www.ratemyprofessors.com/professor/357392
Charles Van Loan,Cornell University,COMS322,1,5.0,4.0,357392,https://www.ratemyprofessors.com/professor/357392
Charles Van Loan,Cornell University,CS100CS212,1,4.0,3.0,357392,https://www.ratemyprofessors.com/professor/357392
Charles Van Loan,Cornell University,CS101,1,1.0,4.0,357392,https://www.ratemyprofessors.com/professor/357392
Charles Van Loan,Cornell University,CS1101,1,3.0,2.0,357392,https://www.ratemyprofessors.com/professor/357392
Charles Van Loan,Cornell University,CS1115,1,4.0,5.0,357392,https://www.ratemyprofessors.com/professor/357392
Charles Van Loan,Cornell University,CS212,1,1.0,3.0,357392,https://www.ratemyprofessors.com/professor/357392
Charles Van Loan,Cornell University,CS222,1,2.0,3.0,357392,https://www.ratemyprofessors.com/professor/357392
Charles Van Loan,Cornell University,CS421,1,3.0,4.0,357392,https://www.ratemyprofessors.com/professor/357392
Charles Van Loan,Cornell University,CS422,1,2.0,5.0,357392,https://www.ratemyprofessors.com/professor/357392
Charles Van Loan,Cornell University,CS4220,1,5.0,2.0,357392,https://www.ratemyprofessors.com/professor/357392
Charles Van Loan,Cornell University,CS6220,1,5.0,4.0,357392,https://www.ratemyprofessors.com/professor/357392
Christopher Cummins,Massachusetts Institute of Technology,5112,6,3.17,3.5,352232,https://www.ratemyprofessors.com/professor/352232
Christopher Cummins,Massachusetts Institute of Technology,CHEM503,5,3.2,3.8,352232,https://www.ratemyprofessors.com/professor/352232
Christopher Cummins,Massachusetts Institute of Technology,CHEM5112,2,3.0,4.5,352232,https://www.ratemyprofessors.com/professor/352232
Christopher Cummins,Massachusetts Institute of Technology,CHEM,1,3.0,5.0,352232,https://www.ratemyprofessors.com/professor/352232
Claudette Gardel,Massachusetts Institute of Technology,7013,1,5.0,2.0,189050,https://www.ratemyprofessors.com/professor/189050
Claudette Gardel,Massachusetts Institute of Technology,BIO014,1,2.0,4.0,189050,https://www.ratemyprofessors.com/professor/189050
Claudette Gardel,Massachusetts Institute of Technology,BIO101,1,5.0,3.0,189050,https://www.ratemyprofessors.com/professor/189050
Claudette Gardel,Massachusetts Institute of Technology,BIO1902,1,1.0,5.0,189050,https://www.ratemyprofessors.com/professor/189050
Claudette Gardel,Massachusetts Institute of Technology,BIOSECT,1,5.0,4.0,189050,https://www.ratemyprofessors.com/professor/189050
Curran Muhlberger,Cornell University,CS2110,48,2.94,3.6,2756306,https://www.ratemyprofessors.com/professor/2756306
Curran Muhlberger,Cornell University,CS5150,5,1.4,3.6,2756306,https://www.ratemyprofessors.com/professor/2756306
Daniel Jackson,Massachusetts Institute of Technology,6170,3,4.33,3.0,121166,https://www.ratemyprofessors.com/professor/121166
Daniel Jackson,Massachusetts Institute of Technology,6.170,1,3.0,4.0,121166,https://www.ratemyprofessors.com/professor/121166
Daniel Jackson,Massachusetts Institute of Technology,6033,1,5.0,2.0,121166,https://www.ratemyprofessors.com/professor/121166
Daniel Jackson,Massachusetts Institute of Technology,CSSECT,1,5.0,3.0,121166,https://www.ratemyprofessors.com/professor/121166
Daron Acemoglu,Massachusetts Institute of Technology,ECON1432,4,3.0,3.75,1823114,https://www.ratemyprofessors.com/professor/1823114
Daron Acemoglu,Massachusetts Institute of Technology,14773,1,4.0,5.0,1823114,https://www.ratemyprofessors.com/professor/1823114
David Autor,Massachusetts Institute of Technology,ECON1403,5,4.2,2.8,655707,https://www.ratemyprofessors.com/professor/655707
David Autor,Massachusetts Institute of Technology,1403,4,3.75,2.5,655707,https://www.ratemyprofessors.com/professor/655707
David Autor,Massachusetts Institute of Technology,ECON1401,2,4.0,3.5,655707,https://www.ratemyprofessors.com/professor/655707
David Autor,Massachusetts Institute of Technology,ASDFGHJKL.,1,5.0,1.0,655707,https://www.ratemyprofessors.com/professor/655707
David Perreault,Massachusetts Institute of Technology,6.334,1,5.0,4.0,2256500,https://www.ratemyprofessors.com/professor/2256500
David Pesetsky,Massachusetts Institute of Technology,TWENTYFOUR900,1,4.0,4.0,1886130,https://www.ratemyprofessors.com/professor/1886130
Devavrat Shah,Massachusetts Institute of Technology,EE281,1,3.0,3.0,2714720,https://www.ratemyprofessors.com/professor/2714720
Diana Diaz,University of Illinois Chicago,CS261,33,1.7,4.21,2580783,https://www.ratemyprofessors.com/professor/2580783
Diana Diaz,University of Illinois Chicago,CS362,11,4.27,2.27,2580783,https://www.ratemyprofessors.com/professor/2580783
Diana Diaz,University of Illinois Chicago,CS418,2,5.0,2.5,2580783,https://www.ratemyprofessors.com/professor/2580783
Dimitris Bertsimas,Massachusetts Institute of Technology,15,1,1.0,5.0,2461189,https://www.ratemyprofessors.com/professor/2461189
Donald Sadoway,Massachusetts Institute of Technology,3091,29,4.28,2.1,81483,https://www.ratemyprofessors.com/professor/81483
Donald Sadoway,Massachusetts Institute of Technology,CHEM3091,7,3.86,3.57,81483,https://www.ratemyprofessors.com/professor/81483
Donald Sadoway,Massachusetts Institute of Technology,AABCAABB,1,5.0,3.0,81483,https://www.ratemyprofessors.com/professor/81483
Donald Sadoway,Massachusetts Institute of Technology,CHEM,1,4.0,3.0,81483,https://www.ratemyprofessors.com/professor/81483
Donald Sadoway,Massachusetts Institute of Technology,CHEM091,1,5.0,2.0,81483,https://www.ratemyprofessors.com/professor/81483
Donald Sadoway,Massachusetts Institute of Technology,CHEM3,1,5.0,3.0,81483,https://www.ratemyprofessors.com/professor/81483
Donald Sadoway,Massachusetts Institute of Technology,CHEM309,1,3.0,5.0,81483,https://www.ratemyprofessors.com/professor/81483
Donald Sadoway,Massachusetts Institute of Technology,CHEMCHEM,1,1.0,1.0,81483,https://www.ratemyprofessors.com/professor/81483
Donald Sadoway,Massachusetts Institute of Technology,SSCHE3091,1,5.0,4.0,81483,https://www.ratemyprofessors.com/professor/81483
Emma Brunskill,Stanford University,CS234,6,2.0,3.17,2361533,https://www.ratemyprofessors.com/professor/2361533
Emmanuel Agu,Worcester Polytechnic Institute,CS4731,6,3.33,3.33,119379,https://www.ratemyprofessors.com/professor/119379
Emmanuel Agu,Worcester Polytechnic Institute,CS4514,5,4.6,2.2,119379,https://www.ratemyprofessors.com/professor/119379
Emmanuel Agu,Worcester Polytechnic Institute,CS4518,2,4.0,2.5,119379,https://www.ratemyprofessors.com/professor/119379
Emmanuel Agu,Worcester Polytechnic Institute,CS528,2,1.0,4.5,119379,https://www.ratemyprofessors.com/professor/119379
Emmanuel Agu,Worcester Polytechnic Institute,CS543,2,5.0,2.5,119379,https://www.ratemyprofessors.com/professor/119379
Emmanuel Agu,Worcester Polytechnic Institute,CS563,1,5.0,3.0,119379,https://www.ratemyprofessors.com/professor/119379
Emmanuel Agu,Worcester Polytechnic Institute,GRPHC1,1,5.0,3.0,119379,https://www.ratemyprofessors.com/professor/119379
Emmanuel Agu,Worcester Polytechnic Institute,INDSTUDY,1,5.0,2.0,119379,https://www.ratemyprofessors.com/professor/119379
Eric Hudson,Massachusetts Institute of Technology,802,4,5.0,2.5,186507,https://www.ratemyprofessors.com/professor/186507
Eric Hudson,Massachusetts Institute of Technology,802T,2,5.0,2.5,186507,https://www.ratemyprofessors.com/professor/186507
Eric Hudson,Massachusetts Institute of Technology,PHY802,2,4.5,3.5,186507,https://www.ratemyprofessors.com/professor/186507
Eric Hudson,Massachusetts Institute of Technology,PHYSL01,2,5.0,4.5,186507,https://www.ratemyprofessors.com/professor/186507
Eric Hudson,Massachusetts Institute of Technology,801,1,5.0,3.0,186507,https://www.ratemyprofessors.com/professor/186507
Eric Hudson,Massachusetts Institute of Technology,CSE6969,1,4.0,2.0,186507,https://www.ratemyprofessors.com/professor/186507
Eric Hudson,Massachusetts Institute of Technology,PHY03,1,5.0,1.0,186507,https://www.ratemyprofessors.com/professor/186507
Eric Hudson,Massachusetts Institute of Technology,PHYS02,1,5.0,4.0,186507,https://www.ratemyprofessors.com/professor/186507
Eric Hudson,Massachusetts Institute of Technology,PHYS2,1,5.0,4.0,186507,https://www.ratemyprofessors.com/professor/186507
Eric Lander,Massachusetts Institute of Technology,BIO7012,8,5.0,2.88,162394,https://www.ratemyprofessors.com/professor/162394
Eric Lander,Massachusetts Institute of Technology,7012,7,4.86,2.14,162394,https://www.ratemyprofessors.com/professor/162394
Eric Lander,Massachusetts Institute of Technology,700X,5,4.8,3.6,162394,https://www.ratemyprofessors.com/professor/162394
Eric Lander,Massachusetts Institute of Technology,MITX700X,4,5.0,3.5,162394,https://www.ratemyprofessors.com/professor/162394
Eric Lander,Massachusetts Institute of Technology,7013,2,5.0,2.0,162394,https://www.ratemyprofessors.com/professor/162394
Eric Lander,Massachusetts Institute of Technology,BIO012,2,3.0,4.5,162394,https://www.ratemyprofessors.com/professor/162394
Eric Lander,Massachusetts Institute of Technology,7QBWX,1,5.0,4.0,162394,https://www.ratemyprofessors.com/professor/162394
Eric Lander,Massachusetts Institute of Technology,AAAA,1,5.0,1.0,162394,https://www.ratemyprofessors.com/professor/162394
Eric Lander,Massachusetts Institute of Technology,BIO,1,5.0,3.0,162394,https://www.ratemyprofessors.com/professor/162394
Eric Lander,Massachusetts Institute of Technology,EDXBIOLOGY,1,5.0,4.0,162394,https://www.ratemyprofessors.com/professor/162394
Eric Roberts,Stanford University,CS106A,9,4.11,3.22,203930,https://www.ratemyprofessors.com/professor/203930
Eric Roberts,Stanford University,CS106AB,3,5.0,3.33,203930,https://www.ratemyprofessors.com/professor/203930
Eric Roberts,Stanford University,CS181W,3,5.0,2.0,203930,https://www.ratemyprofessors.com/professor/203930
Eric Roberts,Stanford University,CS106,2,3.0,4.5,203930,https://www.ratemyprofessors.com/professor/203930
Eric Roberts,Stanford University,CS000,1,5.0,4.0,203930,https://www.ratemyprofessors.com/professor/203930
Eric Roberts,Stanford University,CS106B,1,5.0,3.0,203930,https://www.ratemyprofessors.com/professor/203930
Eric Roberts,Stanford University,CS601B,1,5.0,4.0,203930,https://www.ratemyprofessors.com/professor/203930
Eric Roberts,Stanford University,IHUM53,1,4.0,3.0,203930,https://www.ratemyprofessors.com/professor/203930
Eric Roberts,Stanford University,INTROSEMINAR,1,5.0,3.0,203930,https://www.ratemyprofessors.com/professor/203930
Eric Schost,University of Waterloo,CS240,1,5.0,3.0,2392592,https://www.ratemyprofessors.com/professor/2392592
Erik Demaine,Massachusetts Institute of Technology,GFA6849,5,3.8,2.8,1315500,https://www.ratemyprofessors.com/professor/1315500
Esther Duflo,Massachusetts Institute of Technology,1474,2,5.0,3.0,791556,https://www.ratemyprofessors.com/professor/791556
Esther Duflo,Massachusetts Institute of Technology,ECON1477,2,3.0,3.0,791556,https://www.ratemyprofessors.com/professor/791556
Esther Duflo,Massachusetts Institute of Technology,1473,1,5.0,1.0,791556,https://www.ratemyprofessors.com/professor/791556
Esther Duflo,Massachusetts Institute of Technology,ECON1473,1,5.0,3.0,791556,https://www.ratemyprofessors.com/professor/791556
Franz Hover,Massachusetts Institute of Technology,2004,3,3.67,4.67,1050067,https://www.ratemyprofessors.com/professor/1050067
Franz Hover,Massachusetts Institute of Technology,ENG2018,1,4.0,4.0,1050067,https://www.ratemyprofessors.com/professor/1050067
George Barbastathis,Massachusetts Institute of Technology,ENG,1,5.0,2.0,240949,https://www.ratemyprofessors.com/professor/240949
George Barbastathis,Massachusetts Institute of Technology,ENG1,1,3.0,3.0,240949,https://www.ratemyprofessors.com/professor/240949
George Barbastathis,Massachusetts Institute of Technology,MECHE1,1,2.0,4.0,240949,https://www.ratemyprofessors.com/professor/240949
George Barbastathis,Massachusetts Institute of Technology,OPTICALENGINEE,1,1.0,3.0,240949,https://www.ratemyprofessors.com/professor/240949
Gerald Schneider,Massachusetts Institute of Technology,PSYCH20,1,4.0,1.0,121079,https://www.ratemyprofessors.com/professor/121079
Gerald Schneider,Massachusetts Institute of Technology,PSYCH920,1,4.0,1.0,121079,https://www.ratemyprofessors.com/professor/121079
Graham Evans,University Of Illinois at Urbana - Champaign,CS225,35,2.29,3.2,2254924,https://www.ratemyprofessors.com/professor/2254924
Graham Evans,University Of Illinois at Urbana - Champaign,CS173,8,2.88,3.75,2254924,https://www.ratemyprofessors.com/professor/2254924
Graham Evans,University Of Illinois at Urbana - Champaign,CS126,6,2.5,3.5,2254924,https://www.ratemyprofessors.com/professor/2254924
Graham Evans,University Of Illinois at Urbana - Champaign,CS241,3,3.67,2.67,2254924,https://www.ratemyprofessors.com/professor/2254924
Graham Walker,Massachusetts Institute of Technology,721,1,5.0,2.0,799921,https://www.ratemyprofessors.com/professor/799921
Graham Walker,Massachusetts Institute of Technology,A014,1,5.0,1.0,799921,https://www.ratemyprofessors.com/professor/799921
Graham Walker,Massachusetts Institute of Technology,B014,1,5.0,1.0,799921,https://www.ratemyprofessors.com/professor/799921
Graham Walker,Massachusetts Institute of Technology,BIO014,1,5.0,1.0,799921,https://www.ratemyprofessors.com/professor/799921
Graham Walker,Massachusetts Institute of Technology,BIO14,1,5.0,1.0,799921,https://www.ratemyprofessors.com/professor/799921
Graham Walker,Massachusetts Institute of Technology,BIO706,1,4.0,3.0,799921,https://www.ratemyprofessors.com/professor/799921
Graham Walker,Massachusetts Institute of Technology,BIO712,1,4.0,4.0,799921,https://www.ratemyprofessors.com/professor/799921
Graham Walker,Massachusetts Institute of Technology,BIO721,1,5.0,2.0,799921,https://www.ratemyprofessors.com/professor/799921
Graham Walker,Massachusetts Institute of Technology,INB014,1,5.0,1.0,799921,https://www.ratemyprofessors.com/professor/799921
H. Schwartz,Stony Brook University (SUNY),CSE354,7,2.86,4.71,2226107,https://www.ratemyprofessors.com/professor/2226107
H. Schwartz,Stony Brook University (SUNY),CSE545,5,1.2,3.6,2226107,https://www.ratemyprofessors.com/professor/2226107
H. Schwartz,Stony Brook University (SUNY),CSE487,1,1.0,5.0,2226107,https://www.ratemyprofessors.com/professor/2226107
H. Schwartz,Stony Brook University (SUNY),CSE655,1,5.0,2.0,2226107,https://www.ratemyprofessors.com/professor/2226107
Hae-Seung Lee,Massachusetts Institute of Technology,6.301,1,4.0,5.0,2414362,https://www.ratemyprofessors.com/professor/2414362
Hazel Sive,Massachusetts Institute of Technology,BIO7013,3,4.67,3.67,1103018,https://www.ratemyprofessors.com/professor/1103018
Hazel Sive,Massachusetts Institute of Technology,7013,1,5.0,2.0,1103018,https://www.ratemyprofessors.com/professor/1103018
Hazel Sive,Massachusetts Institute of Technology,THANKS,1,5.0,1.0,1103018,https://www.ratemyprofessors.com/professor/1103018
Hong Liu,Massachusetts Institute of Technology,QFTII01,4,5.0,2.25,1139536,https://www.ratemyprofessors.com/professor/1139536
Hong Liu,Massachusetts Institute of Technology,321,1,5.0,3.0,1139536,https://www.ratemyprofessors.com/professor/1139536
James Orlin,Massachusetts Institute of Technology,15.053,1,5.0,2.0,466352,https://www.ratemyprofessors.com/professor/466352
James Orlin,Massachusetts Institute of Technology,15053,1,5.0,1.0,466352,https://www.ratemyprofessors.com/professor/466352
James Orlin,Massachusetts Institute of Technology,BUS310,1,4.0,4.0,466352,https://www.ratemyprofessors.com/professor/466352
Jeremy Wolfe,Massachusetts Institute of Technology,900,6,4.67,2.5,433652,https://www.ratemyprofessors.com/professor/433652
Jeremy Wolfe,Massachusetts Institute of Technology,PSYCH101,3,4.0,2.67,433652,https://www.ratemyprofessors.com/professor/433652
Jeremy Wolfe,Massachusetts Institute of Technology,INTRO PSYCH,1,5.0,2.0,433652,https://www.ratemyprofessors.com/professor/433652
Jeremy Wolfe,Massachusetts Institute of Technology,INTROPSYCH,1,5.0,2.0,433652,https://www.ratemyprofessors.com/professor/433652
Jeremy Wolfe,Massachusetts Institute of Technology,PSYCH90O,1,4.0,3.0,433652,https://www.ratemyprofessors.com/professor/433652
Jerry Cain,Stanford University,CS107,32,4.72,3.78,13890,https://www.ratemyprofessors.com/professor/13890
Jerry Cain,Stanford University,CS106,5,5.0,3.8,13890,https://www.ratemyprofessors.com/professor/13890
Jerry Cain,Stanford University,CS110,4,3.5,3.25,13890,https://www.ratemyprofessors.com/professor/13890
Jerry Cain,Stanford University,CS106A,3,4.67,4.67,13890,https://www.ratemyprofessors.com/professor/13890
Jerry Cain,Stanford University,CS107CS103X,3,4.67,4.0,13890,https://www.ratemyprofessors.com/professor/13890
Jerry Cain,Stanford University,CS143,2,5.0,2.0,13890,https://www.ratemyprofessors.com/professor/13890
Jerry Cain,Stanford University,110,1,5.0,4.0,13890,https://www.ratemyprofessors.com/professor/13890
Jerry Cain,Stanford University,CS103X,1,5.0,5.0,13890,https://www.ratemyprofessors.com/professor/13890
Jerry Cain,Stanford University,CS106ACS,1,5.0,4.0,13890,https://www.ratemyprofessors.com/professor/13890
Jerry Cain,Stanford University,CS106B,1,4.0,5.0,13890,https://www.ratemyprofessors.com/professor/13890
Jerry Cain,Stanford University,CS106X,1,4.0,4.0,13890,https://www.ratemyprofessors.com/professor/13890
Jerry Cain,Stanford University,CS107CS103B,1,5.0,5.0,13890,https://www.ratemyprofessors.com/professor/13890
Jerry Cain,Stanford University,CSCS10,1,4.0,1.0,13890,https://www.ratemyprofessors.com/professor/13890
Joel Voldman,Massachusetts Institute of Technology,SIX777,2,4.5,3.5,121246,https://www.ratemyprofessors.com/professor/121246
Joel Voldman,Massachusetts Institute of Technology,6.002,1,1.0,5.0,121246,https://www.ratemyprofessors.com/professor/121246
John Belcher,Massachusetts Institute of Technology,802T,7,3.29,3.0,398125,https://www.ratemyprofessors.com/professor/398125
John Belcher,Massachusetts Institute of Technology,802,3,3.0,4.0,398125,https://www.ratemyprofessors.com/professor/398125
John Belcher,Massachusetts Institute of Technology,8.02TEAL,1,5.0,3.0,398125,https://www.ratemyprofessors.com/professor/398125
John Belcher,Massachusetts Institute of Technology,PHYS802,1,3.0,4.0,398125,https://www.ratemyprofessors.com/professor/398125
John DeNero,University of California Berkeley,CS61A,152,4.55,3.52,1621181,https://www.ratemyprofessors.com/professor/1621181
John DeNero,University of California Berkeley,61A,93,4.01,3.76,1621181,https://www.ratemyprofessors.com/professor/1621181
John DeNero,University of California Berkeley,DATA8,23,4.43,3.0,1621181,https://www.ratemyprofessors.com/professor/1621181
John DeNero,University of California Berkeley,DATAC88C,6,3.83,3.33,1621181,https://www.ratemyprofessors.com/professor/1621181
John DeNero,University of California Berkeley,CS011,2,5.0,4.0,1621181,https://www.ratemyprofessors.com/professor/1621181
John DeNero,University of California Berkeley,CS8,2,5.0,3.0,1621181,https://www.ratemyprofessors.com/professor/1621181
John DeNero,University of California Berkeley,CS11,1,5.0,3.0,1621181,https://www.ratemyprofessors.com/professor/1621181
John DeNero,University of California Berkeley,CS113,1,5.0,3.0,1621181,https://www.ratemyprofessors.com/professor/1621181
John DeNero,University of California Berkeley,CS61B,1,4.0,4.0,1621181,https://www.ratemyprofessors.com/professor/1621181
John Guttag,Massachusetts Institute of Technology,600SC,4,4.75,3.5,1919547,https://www.ratemyprofessors.com/professor/1919547
John Ochsendorf,Massachusetts Institute of Technology,1056,1,5.0,1.0,137140,https://www.ratemyprofessors.com/professor/137140
John Ochsendorf,Massachusetts Institute of Technology,STR446,1,5.0,4.0,137140,https://www.ratemyprofessors.com/professor/137140
John Ousterhout,Stanford University,CS144,2,5.0,3.0,1871927,https://www.ratemyprofessors.com/professor/1871927
Joseph Sussman,Massachusetts Institute of Technology,1011,2,3.0,2.5,813039,https://www.ratemyprofessors.com/professor/813039
Joseph Sussman,Massachusetts Institute of Technology,TRANSPORTATION,1,3.0,1.0,813039,https://www.ratemyprofessors.com/professor/813039
Jure Leskovec,Stanford University,CS246,2,4.5,4.0,1801551,https://www.ratemyprofessors.com/professor/1801551
Jure Leskovec,Stanford University,CS224W,1,5.0,4.0,1801551,https://www.ratemyprofessors.com/professor/1801551
Keith Nelson,Massachusetts Institute of Technology,CHEML01,1,1.0,5.0,565297,https://www.ratemyprofessors.com/professor/565297
Keith Nelson,Massachusetts Institute of Technology,QUANT,1,5.0,3.0,565297,https://www.ratemyprofessors.com/professor/565297
Keith Nelson,Massachusetts Institute of Technology,THERM801,1,2.0,4.0,565297,https://www.ratemyprofessors.com/professor/565297
Keith Nelson,Massachusetts Institute of Technology,THERMO,1,1.0,5.0,565297,https://www.ratemyprofessors.com/professor/565297
Keith Nelson,Massachusetts Institute of Technology,THERMO560,1,1.0,4.0,565297,https://www.ratemyprofessors.com/professor/565297
Keith Schwarz,Stanford University,CS103,17,4.47,4.06,1787737,https://www.ratemyprofessors.com/professor/1787737
Keith Schwarz,Stanford University,CS106B,4,4.25,3.0,1787737,https://www.ratemyprofessors.com/professor/1787737
Keith Schwarz,Stanford University,106B,2,3.0,3.5,1787737,https://www.ratemyprofessors.com/professor/1787737
Keith Schwarz,Stanford University,CS106A,1,5.0,2.0,1787737,https://www.ratemyprofessors.com/professor/1787737
Keith Schwarz,Stanford University,CS143,1,5.0,3.0,1787737,https://www.ratemyprofessors.com/professor/1787737
Keith Schwarz,Stanford University,CS161,1,5.0,1.0,1787737,https://www.ratemyprofessors.com/professor/1787737
Keith Winstein,Stanford University,CS144,3,3.67,2.67,2021668,https://www.ratemyprofessors.com/professor/2021668
Keith Winstein,Stanford University,CS181,2,3.0,2.5,2021668,https://www.ratemyprofessors.com/professor/2021668
Kenneth Stevens,Massachusetts Institute of Technology,HST710,1,3.0,2.0,121234,https://www.ratemyprofessors.com/professor/121234
Kenneth Stevens,Massachusetts Institute of Technology,PHYS7,1,5.0,2.0,121234,https://www.ratemyprofessors.com/professor/121234
Kevin Wayne,Princeton University,COS226,3,5.0,3.67,1191110,https://www.ratemyprofessors.com/professor/1191110
Kevin Wayne,Princeton University,COMP1,1,5.0,4.0,1191110,https://www.ratemyprofessors.com/professor/1191110
Kilian Weinberger,Cornell University,CS4780,45,3.82,3.02,2254913,https://www.ratemyprofessors.com/professor/2254913
Kilian Weinberger,Cornell University,CS5780,8,3.25,2.25,2254913,https://www.ratemyprofessors.com/professor/2254913
Kimberly Berkowski,Massachusetts Institute of Technology,512,8,3.88,3.25,774737,https://www.ratemyprofessors.com/professor/774737
Kimberly Berkowski,Massachusetts Institute of Technology,ORGO512,2,4.5,2.5,774737,https://www.ratemyprofessors.com/professor/774737
Kimberly Berkowski,Massachusetts Institute of Technology,ORGOORGO,1,5.0,3.0,774737,https://www.ratemyprofessors.com/professor/774737
Lallit Anand,Massachusetts Institute of Technology,2.073,1,5.0,4.0,2522509,https://www.ratemyprofessors.com/professor/2522509
Lillian Lee,Cornell University,CS1110,23,2.74,4.09,232759,https://www.ratemyprofessors.com/professor/232759
Lillian Lee,Cornell University,CS172,2,5.0,3.5,232759,https://www.ratemyprofessors.com/professor/232759
Lillian Lee,Cornell University,CS4740,2,3.0,5.0,232759,https://www.ratemyprofessors.com/professor/232759
Lillian Lee,Cornell University,COMS172,1,5.0,3.0,232759,https://www.ratemyprofessors.com/professor/232759
Lillian Lee,Cornell University,CS4786,1,5.0,1.0,232759,https://www.ratemyprofessors.com/professor/232759
Max Tegmark,Massachusetts Institute of Technology,PHYS8033,4,5.0,2.75,761785,https://www.ratemyprofessors.com/professor/761785
Max Tegmark,Massachusetts Institute of Technology,802,3,5.0,3.33,761785,https://www.ratemyprofessors.com/professor/761785
Max Tegmark,Massachusetts Institute of Technology,8.01,1,1.0,3.0,761785,https://www.ratemyprofessors.com/professor/761785
Max Tegmark,Massachusetts Institute of Technology,8.02,1,5.0,4.0,761785,https://www.ratemyprofessors.com/professor/761785
Max Tegmark,Massachusetts Institute of Technology,8033,1,5.0,2.0,761785,https://www.ratemyprofessors.com/professor/761785
Mehran Kardar,Massachusetts Institute of Technology,334,1,5.0,5.0,1918547,https://www.ratemyprofessors.com/professor/1918547
Mehran Kardar,Massachusetts Institute of Technology,PHYS333,1,3.0,5.0,1918547,https://www.ratemyprofessors.com/professor/1918547
Mehran Sahami,Stanford University,CS106A,56,4.96,1.95,203927,https://www.ratemyprofessors.com/professor/203927
Mehran Sahami,Stanford University,CS106,9,4.44,2.56,203927,https://www.ratemyprofessors.com/professor/203927
Mehran Sahami,Stanford University,CS106X,8,5.0,2.13,203927,https://www.ratemyprofessors.com/professor/203927
Mehran Sahami,Stanford University,106A,6,5.0,2.67,203927,https://www.ratemyprofessors.com/professor/203927
Mehran Sahami,Stanford University,CS103B,3,4.67,2.67,203927,https://www.ratemyprofessors.com/professor/203927
Mehran Sahami,Stanford University,C016,2,5.0,2.0,203927,https://www.ratemyprofessors.com/professor/203927
Mehran Sahami,Stanford University,CS103,2,4.5,2.5,203927,https://www.ratemyprofessors.com/professor/203927
Mehran Sahami,Stanford University,CS106YES,2,4.5,3.0,203927,https://www.ratemyprofessors.com/professor/203927
Mehran Sahami,Stanford University,CSA,2,5.0,2.0,203927,https://www.ratemyprofessors.com/professor/203927
Mehran Sahami,Stanford University,CS109,1,4.0,4.0,203927,https://www.ratemyprofessors.com/professor/203927
Mehran Sahami,Stanford University,CS6174,1,5.0,3.0,203927,https://www.ratemyprofessors.com/professor/203927
Mehran Sahami,Stanford University,CSA106A,1,5.0,1.0,203927,https://www.ratemyprofessors.com/professor/203927
Mehran Sahami,Stanford University,CSABC,1,5.0,1.0,203927,https://www.ratemyprofessors.com/professor/203927
Michael Short,Massachusetts Institute of Technology,22.01,1,5.0,3.0,2632346,https://www.ratemyprofessors.com/professor/2632346
Min Chen,Massachusetts Institute of Technology,PHYS811,2,3.0,3.0,812008,https://www.ratemyprofessors.com/professor/812008
Moungi Bawendi,Massachusetts Institute of Technology,560,5,3.6,2.6,144127,https://www.ratemyprofessors.com/professor/144127
Moungi Bawendi,Massachusetts Institute of Technology,5.60,1,5.0,4.0,144127,https://www.ratemyprofessors.com/professor/144127
Moungi Bawendi,Massachusetts Institute of Technology,CHE560,1,5.0,2.0,144127,https://www.ratemyprofessors.com/professor/144127
Muhamet Yildiz,Massachusetts Institute of Technology,ECON1412,1,3.0,4.0,2158670,https://www.ratemyprofessors.com/professor/2158670
Muriel Medard,Massachusetts Institute of Technology,6041,4,1.75,4.25,95058,https://www.ratemyprofessors.com/professor/95058
Muriel Medard,Massachusetts Institute of Technology,P6041,2,5.0,2.5,95058,https://www.ratemyprofessors.com/professor/95058
Muriel Medard,Massachusetts Institute of Technology,6263,1,4.0,4.0,95058,https://www.ratemyprofessors.com/professor/95058
Muriel Medard,Massachusetts Institute of Technology,EE1,1,5.0,5.0,95058,https://www.ratemyprofessors.com/professor/95058
Oral Buyukozturk,Massachusetts Institute of Technology,CEE1541,1,1.0,5.0,344295,https://www.ratemyprofessors.com/professor/344295
Oral Buyukozturk,Massachusetts Institute of Technology,CEE541,1,5.0,2.0,344295,https://www.ratemyprofessors.com/professor/344295
Oral Buyukozturk,Massachusetts Institute of Technology,MENG,1,5.0,1.0,344295,https://www.ratemyprofessors.com/professor/344295
Pablo Parrilo,Massachusetts Institute of Technology,6.255,1,1.0,5.0,831180,https://www.ratemyprofessors.com/professor/831180
Pablo Parrilo,Massachusetts Institute of Technology,6.256,1,5.0,4.0,831180,https://www.ratemyprofessors.com/professor/831180
Pablo Parrilo,Massachusetts Institute of Technology,6255,1,4.0,4.0,831180,https://www.ratemyprofessors.com/professor/831180
Pablo Parrilo,Massachusetts Institute of Technology,OLASS6255,1,5.0,4.0,831180,https://www.ratemyprofessors.com/professor/831180
Pablo Parrilo,Massachusetts Institute of Technology,OPT6255,1,5.0,3.0,831180,https://www.ratemyprofessors.com/professor/831180
Pablo Parrilo,Massachusetts Institute of Technology,OPTIMIZATION,1,5.0,3.0,831180,https://www.ratemyprofessors.com/professor/831180
Paul Schechter,Massachusetts Institute of Technology,PHY801,2,3.0,3.0,1083753,https://www.ratemyprofessors.com/professor/1083753
Paul Schechter,Massachusetts Institute of Technology,PHYS801,2,3.5,2.5,1083753,https://www.ratemyprofessors.com/professor/1083753
Paul Schechter,Massachusetts Institute of Technology,HIST801,1,4.0,5.0,1083753,https://www.ratemyprofessors.com/professor/1083753
Paul Schechter,Massachusetts Institute of Technology,L801,1,3.0,3.0,1083753,https://www.ratemyprofessors.com/professor/1083753
Paul Schechter,Massachusetts Institute of Technology,PHYS801L,1,2.0,4.0,1083753,https://www.ratemyprofessors.com/professor/1083753
Pavlos Protopapas,Harvard University,CS109,11,3.55,3.0,2180585,https://www.ratemyprofessors.com/professor/2180585
Pavlos Protopapas,Harvard University,CSCIE109B,8,4.0,3.13,2180585,https://www.ratemyprofessors.com/professor/2180585
Pavlos Protopapas,Harvard University,AC297R,5,4.2,3.2,2180585,https://www.ratemyprofessors.com/professor/2180585
Peter Dourmashkin,Massachusetts Institute of Technology,802,7,4.43,3.29,409757,https://www.ratemyprofessors.com/professor/409757
Peter Dourmashkin,Massachusetts Institute of Technology,PHYS801,7,4.71,2.86,409757,https://www.ratemyprofessors.com/professor/409757
Peter Dourmashkin,Massachusetts Institute of Technology,PHY802,3,5.0,3.33,409757,https://www.ratemyprofessors.com/professor/409757
Peter Dourmashkin,Massachusetts Institute of Technology,801X,2,5.0,3.0,409757,https://www.ratemyprofessors.com/professor/409757
Peter Dourmashkin,Massachusetts Institute of Technology,MIT801,2,3.5,4.5,409757,https://www.ratemyprofessors.com/professor/409757
Peter Dourmashkin,Massachusetts Institute of Technology,PHYS01,2,5.0,3.0,409757,https://www.ratemyprofessors.com/professor/409757
Peter Dourmashkin,Massachusetts Institute of Technology,801T,1,4.0,5.0,409757,https://www.ratemyprofessors.com/professor/409757
Peter Dourmashkin,Massachusetts Institute of Technology,802T,1,4.0,3.0,409757,https://www.ratemyprofessors.com/professor/409757
Peter Dourmashkin,Massachusetts Institute of Technology,MIT8012,1,5.0,3.0,409757,https://www.ratemyprofessors.com/professor/409757
Peter Dourmashkin,Massachusetts Institute of Technology,P801,1,5.0,3.0,409757,https://www.ratemyprofessors.com/professor/409757
Peter Dourmashkin,Massachusetts Institute of Technology,PHY5,1,5.0,2.0,409757,https://www.ratemyprofessors.com/professor/409757
Peter Dourmashkin,Massachusetts Institute of Technology,PHYS801T,1,4.0,3.0,409757,https://www.ratemyprofessors.com/professor/409757
Peter Dourmashkin,Massachusetts Institute of Technology,PHYSECT,1,5.0,5.0,409757,https://www.ratemyprofessors.com/professor/409757
Peter Dourmashkin,Massachusetts Institute of Technology,PHYSL07,1,5.0,4.0,409757,https://www.ratemyprofessors.com/professor/409757
Peter Dourmashkin,Massachusetts Institute of Technology,PYS5,1,5.0,3.0,409757,https://www.ratemyprofessors.com/professor/409757
Peter Mueller,Massachusetts Institute of Technology,CHEM067,1,5.0,4.0,1626807,https://www.ratemyprofessors.com/professor/1626807
Peter Szolovits,Massachusetts Institute of Technology,HSTSECT,2,3.5,4.5,121239,https://www.ratemyprofessors.com/professor/121239
Peter Szolovits,Massachusetts Institute of Technology,6034,1,5.0,3.0,121239,https://www.ratemyprofessors.com/professor/121239
Peter Szolovits,Massachusetts Institute of Technology,HST,1,5.0,3.0,121239,https://www.ratemyprofessors.com/professor/121239
Peter Szolovits,Massachusetts Institute of Technology,HST951,1,5.0,1.0,121239,https://www.ratemyprofessors.com/professor/121239
Piyush Rai,University of Utah,CS5350,2,4.5,3.0,1615202,https://www.ratemyprofessors.com/professor/1615202
Piyush Rai,University of Utah,ML6350,1,5.0,1.0,1615202,https://www.ratemyprofessors.com/professor/1615202
Regina Barzilay,Massachusetts Institute of Technology,6C51,3,1.0,5.0,2814706,https://www.ratemyprofessors.com/professor/2814706
Ren Ng,University of California Berkeley,CS184,4,5.0,3.0,2135951,https://www.ratemyprofessors.com/professor/2135951
Ritwik Banerjee,Stony Brook University (SUNY),CSE214,32,3.44,4.06,2069373,https://www.ratemyprofessors.com/professor/2069373
Ritwik Banerjee,Stony Brook University (SUNY),CSE216,26,2.15,3.92,2069373,https://www.ratemyprofessors.com/professor/2069373
Ritwik Banerjee,Stony Brook University (SUNY),CSE219,13,3.62,4.31,2069373,https://www.ratemyprofessors.com/professor/2069373
Ritwik Banerjee,Stony Brook University (SUNY),CSE215,2,2.5,4.5,2069373,https://www.ratemyprofessors.com/professor/2069373
Ritwik Banerjee,Stony Brook University (SUNY),CSE353,2,3.0,3.5,2069373,https://www.ratemyprofessors.com/professor/2069373
Robert Jaffe,Massachusetts Institute of Technology,8.044,1,5.0,4.0,562629,https://www.ratemyprofessors.com/professor/562629
Robert Jaffe,Massachusetts Institute of Technology,806,1,5.0,4.0,562629,https://www.ratemyprofessors.com/professor/562629
Robert Jaffe,Massachusetts Institute of Technology,PHY05,1,5.0,4.0,562629,https://www.ratemyprofessors.com/professor/562629
Robert Jaffe,Massachusetts Institute of Technology,PHYS321,1,5.0,4.0,562629,https://www.ratemyprofessors.com/professor/562629
Robert Jaffe,Massachusetts Institute of Technology,PHYS821,1,5.0,2.0,562629,https://www.ratemyprofessors.com/professor/562629
Robert Jaffe,Massachusetts Institute of Technology,QM8059,1,5.0,1.0,562629,https://www.ratemyprofessors.com/professor/562629
Robert Morris,Massachusetts Institute of Technology,EECS824,4,3.5,2.75,121198,https://www.ratemyprofessors.com/professor/121198
Robert Morris,Massachusetts Institute of Technology,EECS101,1,4.0,3.0,121198,https://www.ratemyprofessors.com/professor/121198
Robert Sedgewick,Princeton University,COS126,2,4.5,3.5,2108908,https://www.ratemyprofessors.com/professor/2108908
Robert Sedgewick,Princeton University,COURSER1,1,5.0,5.0,2108908,https://www.ratemyprofessors.com/professor/2108908
Robert Sedgewick,Princeton University,CS2013,1,5.0,4.0,2108908,https://www.ratemyprofessors.com/professor/2108908
Roger Grosse,University of Toronto - St. George Campus,CSC411,10,1.7,4.4,2389345,https://www.ratemyprofessors.com/professor/2389345
Roger Grosse,University of Toronto - St. George Campus,CSC2515,3,1.33,4.67,2389345,https://www.ratemyprofessors.com/professor/2389345
Roger Grosse,University of Toronto - St. George Campus,CSC311,2,2.5,4.5,2389345,https://www.ratemyprofessors.com/professor/2389345
Roger Grosse,University of Toronto - St. George Campus,CSC321,2,3.5,4.5,2389345,https://www.ratemyprofessors.com/professor/2389345
Roger Grosse,University of Toronto - St. George Campus,CSC41,1,1.0,5.0,2389345,https://www.ratemyprofessors.com/professor/2389345
Roger Kamm,Massachusetts Institute of Technology,BE430,1,3.0,3.0,1290853,https://www.ratemyprofessors.com/professor/1290853
Roger Kamm,Massachusetts Institute of Technology,XXX,1,1.0,3.0,1290853,https://www.ratemyprofessors.com/professor/1290853
Ronald Rivest,Massachusetts Institute of Technology,ECE,1,5.0,3.0,121215,https://www.ratemyprofessors.com/professor/121215
Ronald Rivest,Massachusetts Institute of Technology,EECS857,1,5.0,2.0,121215,https://www.ratemyprofessors.com/professor/121215
Sally Haslanger,Massachusetts Institute of Technology,WGS301,1,5.0,1.0,1734202,https://www.ratemyprofessors.com/professor/1734202
Sanjeev Arora,Princeton University,2003,1,1.0,5.0,568904,https://www.ratemyprofessors.com/professor/568904
Sanjeev Arora,Princeton University,2007,1,1.0,5.0,568904,https://www.ratemyprofessors.com/professor/568904
Sanjeev Arora,Princeton University,COS522,1,3.0,5.0,568904,https://www.ratemyprofessors.com/professor/568904
Sanjeev Arora,Princeton University,MATH101,1,5.0,1.0,568904,https://www.ratemyprofessors.com/professor/568904
Sergey Levine,University of California Berkeley,CS182,2,4.5,3.0,2653587,https://www.ratemyprofessors.com/professor/2653587
Sergey Levine,University of California Berkeley,CS285,2,3.0,3.0,2653587,https://www.ratemyprofessors.com/professor/2653587
Shuhei Ono,Massachusetts Institute of Technology,12.335,1,1.0,3.0,2739640,https://www.ratemyprofessors.com/professor/2739640
Silvio Micali,Massachusetts Institute of Technology,6875,1,5.0,1.0,1668253,https://www.ratemyprofessors.com/professor/1668253
Simon Johnson,Massachusetts Institute of Technology,M15223,1,5.0,4.0,2091321,https://www.ratemyprofessors.com/professor/2091321
Simona Socrate,Massachusetts Institute of Technology,201X,6,4.83,2.33,231197,https://www.ratemyprofessors.com/professor/231197
Simona Socrate,Massachusetts Institute of Technology,2001,3,4.33,2.67,231197,https://www.ratemyprofessors.com/professor/231197
Simona Socrate,Massachusetts Institute of Technology,MIT201X,2,5.0,2.0,231197,https://www.ratemyprofessors.com/professor/231197
Simona Socrate,Massachusetts Institute of Technology,2001BE310,1,1.0,4.0,231197,https://www.ratemyprofessors.com/professor/231197
Simona Socrate,Massachusetts Institute of Technology,ALL,1,1.0,5.0,231197,https://www.ratemyprofessors.com/professor/231197
Srini Devadas,Massachusetts Institute of Technology,6.009,1,5.0,4.0,2500018,https://www.ratemyprofessors.com/professor/2500018
Srini Devadas,Massachusetts Institute of Technology,6566,1,5.0,4.0,2500018,https://www.ratemyprofessors.com/professor/2500018
Steven Leeb,Massachusetts Institute of Technology,6.115,10,5.0,4.0,121181,https://www.ratemyprofessors.com/professor/121181
Steven Leeb,Massachusetts Institute of Technology,6.131,6,5.0,3.67,121181,https://www.ratemyprofessors.com/professor/121181
Steven Leeb,Massachusetts Institute of Technology,6115,2,5.0,3.5,121181,https://www.ratemyprofessors.com/professor/121181
Steven Leeb,Massachusetts Institute of Technology,6302,1,5.0,3.0,121181,https://www.ratemyprofessors.com/professor/121181
Steven Leeb,Massachusetts Institute of Technology,EECS131,1,5.0,3.0,121181,https://www.ratemyprofessors.com/professor/121181
Timothy Swager,Massachusetts Institute of Technology,512,4,4.0,3.5,44544,https://www.ratemyprofessors.com/professor/44544
Timothy Swager,Massachusetts Institute of Technology,513,3,2.0,4.33,44544,https://www.ratemyprofessors.com/professor/44544
Tom Murphy,Western University,SOC2233,7,3.71,2.71,42576,https://www.ratemyprofessors.com/professor/42576
Tom Murphy,Western University,SOC233,7,3.29,2.86,42576,https://www.ratemyprofessors.com/professor/42576
Tom Murphy,Western University,SOC234,5,2.6,2.6,42576,https://www.ratemyprofessors.com/professor/42576
Tom Murphy,Western University,SOC020,2,1.5,2.0,42576,https://www.ratemyprofessors.com/professor/42576
Tom Murphy,Western University,SOC240,2,4.5,3.5,42576,https://www.ratemyprofessors.com/professor/42576
Tom Murphy,Western University,SOCPSYCH,2,3.5,2.5,42576,https://www.ratemyprofessors.com/professor/42576
Tom Murphy,Western University,240E,1,4.0,2.0,42576,https://www.ratemyprofessors.com/professor/42576
Tom Murphy,Western University,3357,1,5.0,3.0,42576,https://www.ratemyprofessors.com/professor/42576
Tom Murphy,Western University,404,1,3.0,3.0,42576,https://www.ratemyprofessors.com/professor/42576
Tom Murphy,Western University,SOC001,1,2.0,3.0,42576,https://www.ratemyprofessors.com/professor/42576
Tom Murphy,Western University,SOC002,1,4.0,2.0,42576,https://www.ratemyprofessors.com/professor/42576
Tom Murphy,Western University,SOC223,1,4.0,2.0,42576,https://www.ratemyprofessors.com/professor/42576
Tom Murphy,Western University,SOC2234,1,4.0,2.0,42576,https://www.ratemyprofessors.com/professor/42576
Tom Murphy,Western University,SOC2270,1,2.0,5.0,42576,https://www.ratemyprofessors.com/professor/42576
Tom Murphy,Western University,SOC231234,1,5.0,1.0,42576,https://www.ratemyprofessors.com/professor/42576
Tom Murphy,Western University,SOC240E,1,2.0,5.0,42576,https://www.ratemyprofessors.com/professor/42576
Tom Murphy,Western University,SOC270,1,4.0,2.0,42576,https://www.ratemyprofessors.com/professor/42576
Tom Murphy,Western University,SOC3357,1,5.0,3.0,42576,https://www.ratemyprofessors.com/professor/42576
Tom Murphy,Western University,SOC404,1,4.0,2.0,42576,https://www.ratemyprofessors.com/professor/42576
Tom Murphy,Western University,SOC4404,1,1.0,5.0,42576,https://www.ratemyprofessors.com/professor/42576
Tom Murphy,Western University,SOC57,1,2.0,3.0,42576,https://www.ratemyprofessors.com/professor/42576
Tom Murphy,Western University,SOCI233,1,3.0,3.0,42576,https://www.ratemyprofessors.com/professor/42576
Tom Murphy,Western University,SOCI240,1,2.0,4.0,42576,https://www.ratemyprofessors.com/professor/42576
Tom Murphy,Western University,SOCIALPSYCH,1,1.0,3.0,42576,https://www.ratemyprofessors.com/professor/42576
Tom Murphy,Western University,SOCIO2233,1,5.0,2.0,42576,https://www.ratemyprofessors.com/professor/42576
Tom Murphy,Western University,SOCIOLOGY,1,2.0,4.0,42576,https://www.ratemyprofessors.com/professor/42576
Tom Murphy,Western University,SOCTHEORY,1,4.0,2.0,42576,https://www.ratemyprofessors.com/professor/42576
Tom Murphy,Western University,SOPSY233,1,5.0,2.0,42576,https://www.ratemyprofessors.com/professor/42576
Tom Murphy,Western University,THEOR000,1,3.0,4.0,42576,https://www.ratemyprofessors.com/professor/42576
Troy Van Voorhis,Massachusetts Institute of Technology,CHEM5111,1,5.0,3.0,2080416,https://www.ratemyprofessors.com/professor/2080416
Tyler Jacks,Massachusetts Institute of Technology,BIO7013,2,5.0,4.0,1134538,https://www.ratemyprofessors.com/professor/1134538
Tyler Jacks,Massachusetts Institute of Technology,7013,1,5.0,2.0,1134538,https://www.ratemyprofessors.com/professor/1134538
Xiao-Gang Wen,Massachusetts Institute of Technology,8.231,1,3.0,4.0,1095028,https://www.ratemyprofessors.com/professor/1095028
Xiao-Gang Wen,Massachusetts Institute of Technology,PHYS808,1,3.0,3.0,1095028,https://www.ratemyprofessors.com/professor/1095028
Yasheng Huang,Massachusetts Institute of Technology,15389B,1,5.0,5.0,1834258,https://www.ratemyprofessors.com/professor/1834258
Yen-Jie Lee,Massachusetts Institute of Technology,8.03,2,4.5,3.5,1907037,https://www.ratemyprofessors.com/professor/1907037
Yury Polyanskiy,Massachusetts Institute of Technology,INF441,1,5.0,5.0,2016672,https://www.ratemyprofessors.com/professor/2016672
